,input_size_h,input_size_w,channels,filter_size,stride,runtime
0,448,286,1,3,2,0.00979899987578
1,289,347,8,2,2,0.0350850000978
2,423,242,5,2,2,0.0223370008171
3,48,233,78,2,2,0.04718599841
4,301,406,6,2,2,0.0321630015969
5,73,50,150,3,2,0.0403500013053
6,440,171,3,2,2,0.00985900033265
7,137,361,12,2,3,0.0117490002885
8,191,291,9,3,2,0.0391439981759
9,171,306,6,2,3,0.00618299981579
10,138,373,2,3,3,0.00357800000347
11,36,386,29,3,2,0.0313230007887
12,225,185,6,3,3,0.0117199998349
13,327,430,4,2,2,0.0244900006801
14,247,394,2,3,2,0.015138999559
15,426,398,1,2,2,0.007426999975
16,8,101,958,3,2,0.0457520000637
17,126,210,36,3,3,0.0336680002511
18,126,440,6,3,2,0.0257660001516
19,13,117,424,2,2,0.0259460005909
20,200,115,43,3,3,0.033748999238
21,327,344,1,3,2,0.00884700007737
22,210,156,14,2,2,0.0204300004989
23,221,343,10,2,2,0.0334599986672
24,143,193,10,2,3,0.00552200013772
25,29,280,111,2,2,0.0380350016057
26,396,378,2,3,3,0.0106499996036
27,317,83,11,3,2,0.0225879997015
28,156,326,10,3,3,0.0176180005074
29,303,267,6,2,3,0.00974200014025
30,334,104,11,2,3,0.00767799979076
31,171,327,9,2,2,0.0223799999803
32,95,194,45,2,2,0.0358750000596
33,182,180,17,3,2,0.0429980009794
34,88,190,28,2,2,0.0206450000405
35,34,51,175,2,2,0.0131329996511
36,40,146,62,3,3,0.0124019999057
37,301,84,13,2,3,0.00648299977183
38,167,392,8,3,2,0.0408900007606
39,250,93,3,3,3,0.00244299997576
40,34,171,91,2,3,0.0103420000523
41,88,387,1,2,3,0.000685999984853
42,42,398,13,2,2,0.00963499955833
43,12,256,317,3,3,0.0337160006166
44,366,159,3,3,3,0.00612299982458
45,151,294,17,2,2,0.0402209982276
46,49,157,35,3,3,0.00909500010312
47,136,99,34,2,2,0.0202210005373
48,404,91,17,3,3,0.0218380000442
49,204,34,133,3,3,0.0316650010645
50,379,114,21,2,2,0.0395970009267
51,329,220,10,3,2,0.0553979985416
52,119,443,15,2,2,0.0428230017424
53,172,334,8,2,3,0.00905600003898
54,154,443,8,2,2,0.0238000005484
55,414,96,23,2,2,0.0399949997663
56,208,138,16,2,2,0.0204639993608
57,104,57,52,2,3,0.00630200002342
58,365,389,7,2,2,0.0434719994664
59,267,314,9,2,3,0.0151660004631
60,131,122,30,2,3,0.0128340004012
61,159,268,17,3,3,0.0265500005335
62,444,96,18,2,2,0.0341859981418
63,357,423,2,2,2,0.0133910002187
64,298,79,27,2,2,0.0277399998158
65,203,376,13,2,2,0.0431189984083
66,145,400,2,2,2,0.00501499976963
67,4,78,1053,3,3,0.00893600005656
68,28,148,77,3,2,0.0238830000162
69,53,31,320,2,3,0.0140580004081
70,166,27,75,2,2,0.0143430000171
71,261,72,51,3,3,0.0333650000393
72,119,24,48,3,2,0.00975400023162
73,48,53,51,3,3,0.00437599979341
74,342,251,6,3,2,0.0397920012474
75,303,140,16,3,3,0.023470999673
76,2,272,526,3,3,0.0152040002868
77,256,258,2,2,2,0.00591799989343
78,384,366,6,2,2,0.0438750013709
79,329,41,56,2,3,0.0154489995912
80,13,128,339,2,2,0.022901000455
81,245,175,8,2,3,0.00692299986258
82,228,278,7,3,3,0.0153240002692
83,301,410,4,3,2,0.037950001657
84,60,239,36,2,2,0.0225060004741
85,350,97,5,2,2,0.00751300016418
86,52,69,86,3,2,0.022752000019
87,119,144,33,3,2,0.043329000473
88,80,26,447,2,3,0.0196279995143
89,82,182,3,2,3,0.000914999982342
90,286,340,9,2,2,0.0384690016508
91,91,336,30,3,3,0.0318170003593
92,213,41,51,2,3,0.0090920003131
93,47,121,175,3,2,0.0828939974308
94,281,198,3,2,3,0.00329299992882
95,279,415,3,2,2,0.0151140000671
96,102,383,1,3,2,0.00303400005214
97,369,41,50,3,2,0.057254999876
98,219,36,45,2,2,0.0157120004296
99,170,222,4,3,3,0.00523999985307
100,434,40,23,2,2,0.0175989996642
101,226,448,3,3,2,0.0234810002148
102,267,242,15,3,3,0.0381300002337
103,60,396,6,2,2,0.00706099998206
104,291,57,21,2,2,0.015014000237
105,76,28,129,2,3,0.00527699990198
106,122,98,28,2,2,0.0146930003539
107,53,273,46,2,3,0.0134560000151
108,207,417,2,3,3,0.00599499978125
109,132,342,21,2,3,0.0186500009149
110,86,84,92,3,3,0.0226199999452
111,393,57,16,2,3,0.0071140001528
112,366,406,4,3,2,0.0464849993587
113,182,72,41,2,2,0.0309689994901
114,287,255,12,2,3,0.0174189992249
115,340,194,2,3,3,0.00453400006518
116,175,105,43,2,2,0.0340839996934
117,361,301,6,3,3,0.0229339990765
118,69,198,50,2,2,0.0294480007142
119,65,43,315,2,3,0.0174090005457
120,435,365,6,2,2,0.0413869991899
121,206,393,3,3,3,0.00842500012368
122,407,322,7,2,3,0.0181809999049
123,169,41,106,3,2,0.0565659999847
124,250,273,12,3,2,0.0632660016418
125,370,64,41,3,3,0.0338779985905
126,200,81,29,2,3,0.00959200039506
127,287,438,4,3,2,0.0394200012088
128,284,398,8,2,2,0.039482999593
129,426,12,25,3,3,0.00457300012931
130,253,84,41,3,3,0.0304940007627
131,115,425,15,3,3,0.0251049995422
132,303,426,3,3,2,0.0300789996982
133,110,373,20,2,2,0.0447649993002
134,283,226,9,3,2,0.0441190004349
135,78,266,21,3,3,0.0153419999406
136,100,443,12,2,2,0.0231890007854
137,409,328,5,2,3,0.0133849997073
138,422,5,192,2,3,0.01061499957
139,32,103,175,2,2,0.0250589996576
140,181,170,28,3,3,0.029484000057
141,146,383,6,3,2,0.0258820001036
142,356,382,7,2,3,0.0190699994564
143,316,41,76,2,2,0.0430370010436
144,89,54,163,2,2,0.0342769995332
145,319,97,32,2,2,0.0435150004923
146,91,440,13,2,3,0.0103470003232
147,105,295,8,2,2,0.0109179997817
148,315,295,3,2,3,0.00553200021386
149,323,112,16,3,2,0.0448159985244
150,277,126,3,3,3,0.00365000008605
151,186,16,225,3,3,0.0224370006472
152,69,92,35,3,2,0.0167139992118
153,405,243,9,3,2,0.0690409988165
154,418,199,10,3,3,0.0375920012593
155,397,1,1040,3,2,0.000157000002218
156,257,217,4,3,2,0.0171949993819
157,3,216,242,3,3,0.00549900019541
158,420,233,10,2,3,0.0193489994854
159,4,360,88,2,2,0.00562500022352
160,39,378,23,3,2,0.0259780008346
161,229,73,15,3,2,0.0191619992256
162,311,166,6,2,2,0.0137689998373
163,389,168,15,3,3,0.0340799987316
164,337,139,9,3,2,0.0408830009401
165,443,125,1,2,3,0.00114299997222
166,70,11,612,3,2,0.0330739989877
167,153,120,12,2,3,0.00440800003707
168,318,358,1,3,3,0.00394900003448
169,262,106,33,2,3,0.0179990008473
170,386,412,3,2,2,0.0211999993771
171,187,344,6,2,3,0.00771800009534
172,132,399,16,3,3,0.0292399991304
173,297,413,6,2,3,0.0146129997447
174,111,108,58,2,3,0.01408599969
175,237,169,12,3,3,0.0218490008265
176,399,62,22,3,2,0.0411310009658
177,51,209,44,3,2,0.0361320003867
178,417,218,9,2,3,0.0163100007921
179,391,122,1,2,3,0.000966000021435
180,395,362,5,2,3,0.0144279999658
181,367,396,5,3,2,0.0570390000939
182,267,167,16,3,3,0.0247310008854
183,271,235,14,3,2,0.0695189982653
184,101,400,2,2,3,0.00165200000629
185,159,107,36,3,3,0.0209279991686
186,43,88,95,2,2,0.0155509999022
187,32,347,52,2,2,0.0256360005587
188,352,126,8,3,2,0.0269639994949
189,417,15,44,2,3,0.00743799982592
190,367,212,6,3,2,0.0374750010669
191,29,151,201,3,2,0.0667740032077
192,157,230,11,3,2,0.0306080002338
193,320,51,51,2,2,0.0358810015023
194,439,383,4,2,2,0.0297790002078
195,378,251,4,2,3,0.00765200005844
196,359,45,2,3,2,0.00252699991688
197,302,285,5,3,2,0.0335219986737
198,170,362,2,2,2,0.00535000022501
199,45,390,12,3,2,0.0160910002887
200,177,229,20,3,2,0.0633620023727
201,170,87,57,2,2,0.0367779992521
202,377,360,2,2,2,0.0143750002608
203,249,375,8,3,3,0.0296400003135
204,304,437,7,3,3,0.0320050008595
205,438,342,5,3,3,0.0260140001774
206,3,245,1162,2,2,0.0250669997185
207,263,285,11,2,2,0.0360299982131
208,160,236,8,3,2,0.022962000221
209,375,158,1,2,2,0.00261999992654
210,25,75,281,3,3,0.01978199929
211,389,299,4,2,3,0.0123020000756
212,172,359,11,2,3,0.0182130001485
213,41,150,110,3,2,0.0509819984436
214,129,317,3,2,2,0.00538100022823
215,148,369,12,2,3,0.0128039997071
216,104,444,17,3,3,0.0272129997611
217,122,338,23,3,3,0.0329810008407
218,265,44,78,2,3,0.0185640007257
219,67,110,47,3,3,0.0116790002212
220,354,343,7,2,3,0.0188139993697
221,282,321,4,3,2,0.0317399986088
222,137,213,26,2,3,0.015061000362
223,232,258,4,3,2,0.0184780005366
224,257,271,2,3,2,0.0108049996197
225,259,285,5,2,3,0.00741099985316
226,188,436,10,3,2,0.0637229979038
227,208,210,5,3,2,0.0166519992054
228,221,188,10,2,2,0.0181009992957
229,75,211,3,2,3,0.00126599997748
230,163,159,28,2,3,0.019455999136
231,333,148,7,2,2,0.0150950001553
232,342,99,9,2,2,0.0132379997522
233,444,300,2,3,2,0.020447999239
234,45,123,45,2,3,0.00494700018317
235,307,391,6,2,2,0.0315049998462
236,278,309,11,3,3,0.0332279987633
237,344,349,2,3,2,0.0184860005975
238,377,154,10,3,2,0.0492839999497
239,170,27,98,3,2,0.0351190008223
240,44,384,59,3,3,0.0336420014501
241,122,448,15,2,2,0.0360510013998
242,426,228,3,3,2,0.022528000176
243,231,413,8,3,2,0.0588999986649
244,52,21,86,3,2,0.00681400019675
245,429,116,17,3,2,0.0703319981694
246,37,356,18,3,3,0.00804200023413
247,142,46,21,2,3,0.00268599996343
248,77,220,37,2,3,0.0127130001783
249,5,196,288,2,3,0.00686600012705
250,213,403,9,3,3,0.0267450008541
251,291,379,8,2,3,0.0173199996352
252,56,405,43,2,3,0.0195179991424
253,4,343,298,2,2,0.0178890004754
254,375,34,8,2,2,0.00448800018057
255,73,67,47,3,3,0.00778299989179
256,365,397,2,3,2,0.0225990004838
257,227,282,1,3,3,0.00228699995205
258,369,10,1,2,3,0.000121999997646
259,301,406,5,2,2,0.0270949993283
260,6,201,57,3,3,0.00246999994852
261,415,130,14,2,3,0.0148590002209
262,432,114,13,2,2,0.0280280001462
263,326,280,10,3,2,0.0782470032573
264,332,29,101,3,3,0.0316449999809
265,444,261,2,3,3,0.00804500002414
266,96,15,93,3,3,0.00484299985692
267,54,325,38,3,2,0.0500900000334
268,87,180,20,2,3,0.00617899978533
269,288,392,5,2,2,0.0251299999654
270,91,220,20,3,3,0.0138600002974
271,347,243,8,3,3,0.0233880002052
272,231,432,7,2,3,0.0187810007483
273,88,287,27,2,2,0.0303889997303
274,238,302,3,2,2,0.00945299956948
275,76,353,5,3,3,0.00466499989852
276,228,106,35,3,2,0.0640140026808
277,197,236,1,3,3,0.00160600000527
278,132,304,7,3,2,0.0215380005538
279,313,252,10,2,2,0.0345950014889
280,413,321,4,2,2,0.0277089998126
281,341,184,7,3,2,0.0349970012903
282,89,354,5,2,2,0.00683399988338
283,402,73,23,3,2,0.052080001682
284,106,203,4,3,2,0.00653100013733
285,2,96,1982,3,2,0.0295000001788
286,197,60,11,3,2,0.00971399992704
287,418,104,16,2,2,0.0304610002786
288,62,305,28,2,3,0.0111659998074
289,307,156,18,3,3,0.0347369983792
290,146,176,34,2,3,0.0175659991801
291,294,157,8,2,3,0.0073839998804
292,383,294,4,2,2,0.020005999133
293,346,62,29,2,2,0.0273049995303
294,323,31,58,2,2,0.0247610006481
295,435,444,5,3,2,0.0765589997172
296,326,118,21,2,3,0.0198270007968
297,170,70,29,3,3,0.0117319999263
298,85,52,221,2,2,0.0432009994984
299,194,182,23,2,2,0.0354960002005
300,259,117,2,2,2,0.00265499996021
301,98,410,24,3,3,0.0332240015268
302,365,42,37,3,3,0.0199079997838
303,32,137,8,2,3,0.000758000009228
304,280,24,118,2,2,0.0425719991326
305,16,181,213,3,3,0.0202799998224
306,381,434,5,2,3,0.0163000002503
307,68,191,52,2,2,0.0294010005891
308,317,68,35,3,2,0.0567260012031
309,288,212,1,2,3,0.00123499997426
310,340,55,32,3,2,0.0457860007882
311,284,318,6,3,2,0.0507999993861
312,73,295,35,2,2,0.0323700010777
313,217,152,14,3,3,0.0159300006926
314,209,82,34,2,3,0.0114550003782
315,431,127,15,3,3,0.0287790000439
316,403,353,5,2,3,0.014022000134
317,325,38,69,2,2,0.037447001785
318,4,227,595,2,3,0.00822700001299
319,377,291,3,2,2,0.0168919991702
320,9,347,274,3,3,0.0331039987504
321,155,95,15,3,2,0.0170559994876
322,108,12,462,2,3,0.0123530002311
323,87,387,18,2,3,0.011935999617
324,287,393,4,2,2,0.0196139998734
325,85,245,48,2,3,0.0199100002646
326,174,222,15,3,2,0.0440870001912
327,245,423,9,2,3,0.0187829993665
328,231,438,2,3,3,0.00864700041711
329,311,443,5,3,2,0.0569269992411
330,74,333,10,2,2,0.0110210003331
331,327,446,5,2,3,0.0143830003217
332,30,416,15,3,3,0.00654499977827
333,58,400,7,2,3,0.00316899991594
334,196,229,20,3,3,0.0315070003271
335,107,97,16,3,3,0.00572199979797
336,337,255,10,3,2,0.0686519965529
337,228,417,10,2,2,0.0455750003457
338,346,267,1,2,3,0.00181899999734
339,194,236,6,3,3,0.00947799999267
340,78,5,1966,2,2,0.0295599997044
341,178,344,6,3,2,0.0285960007459
342,392,130,14,3,2,0.0552229993045
343,62,319,16,3,3,0.0106389997527
344,338,140,5,3,3,0.00805800035596
345,120,413,17,2,3,0.0169130004942
346,285,257,5,2,2,0.015909999609
347,248,143,25,2,2,0.0387739986181
348,51,226,25,3,3,0.0101380003616
349,315,376,3,3,2,0.0278799999505
350,148,143,46,3,2,0.0741719976068
351,309,157,13,2,3,0.0166560001671
352,83,375,22,3,2,0.0527760013938
353,241,265,13,3,2,0.0651969984174
354,438,407,5,3,2,0.0692169964314
355,105,383,21,2,3,0.0166359990835
356,294,128,26,2,2,0.0430769994855
357,17,400,80,3,2,0.0395609997213
358,3,355,614,2,2,0.0192109998316
359,234,43,72,3,2,0.0557349994779
360,262,267,2,3,3,0.00490699987859
361,400,427,2,2,2,0.0149259995669
362,226,62,20,3,3,0.0128589998931
363,53,330,18,3,2,0.0241209995002
364,67,141,77,3,2,0.0551909990609
365,354,364,5,3,2,0.0503310002387
366,104,210,32,3,3,0.0242749992758
367,57,235,66,3,2,0.0744889974594
368,56,78,21,2,2,0.00409599998966
369,30,172,101,3,2,0.0380249992013
370,274,298,9,3,3,0.0258310008794
371,125,437,4,2,3,0.00436699995771
372,153,54,105,3,2,0.0645300000906
373,313,192,7,2,2,0.0184860005975
374,109,410,21,2,2,0.0477080009878
375,395,396,4,2,3,0.0123619996011
376,349,167,5,2,2,0.0126480003819
377,434,284,6,2,3,0.0146639999002
378,35,149,24,2,3,0.00259099993855
379,65,364,5,2,3,0.00243299989961
380,116,36,183,2,2,0.0339369997382
381,370,431,1,3,3,0.00548900011927
382,130,417,3,2,3,0.00323599996045
383,144,76,57,3,3,0.0216659996659
384,161,404,14,3,3,0.0316990017891
385,387,435,5,3,3,0.0368009991944
386,329,7,150,3,3,0.0106979999691
387,286,94,17,2,3,0.00892200041562
388,176,314,6,2,3,0.00672800000757
389,78,400,25,2,3,0.0156230004504
390,309,78,16,3,3,0.0134579995647
391,346,268,5,3,3,0.0160099994391
392,413,71,27,2,3,0.016031999141
393,296,150,17,2,3,0.0149410003796
394,191,4,412,3,2,0.0133670000359
395,238,242,1,2,3,0.0011490000179
396,375,386,3,2,3,0.0085859997198
397,68,367,36,2,2,0.0491999983788
398,272,330,8,3,3,0.0252599995583
399,2,10,2526,2,3,0.00181299995165
400,203,44,31,2,2,0.0122539997101
401,68,31,154,2,3,0.00656299991533
402,97,167,15,2,2,0.010490000248
403,355,43,40,2,3,0.0118530001491
404,422,165,4,2,2,0.0122459996492
405,171,251,14,3,3,0.0209030006081
406,363,81,12,2,3,0.00712099997327
407,385,1,1041,3,2,0.000157000002218
408,77,432,22,3,3,0.025001000613
409,417,286,4,2,3,0.0125080002472
410,394,40,1,3,3,0.000759000016842
411,147,69,57,3,3,0.0205669999123
412,340,75,13,2,3,0.00670599984005
413,152,26,139,2,3,0.0117389997467
414,357,149,11,3,2,0.0451150014997
415,260,353,1,3,2,0.00721500022337
416,195,244,7,2,3,0.0065520000644
417,402,291,6,2,2,0.0311319995672
418,194,430,9,2,3,0.0150920003653
419,264,333,3,3,3,0.00921600032598
420,14,311,171,3,2,0.0494769997895
421,3,309,790,2,2,0.0219260007143
422,363,96,4,2,2,0.0060990001075
423,195,338,9,2,2,0.0257959999144
424,233,205,18,3,2,0.0673969984055
425,211,11,101,3,3,0.00686600012705
426,266,155,11,2,2,0.0251800008118
427,238,86,22,3,3,0.0154830003157
428,402,210,8,3,2,0.0516249984503
429,191,177,17,2,2,0.0248809996992
430,189,121,2,3,2,0.00352100003511
431,360,128,7,2,3,0.00647999998182
432,210,136,32,3,2,0.0691500008106
433,405,376,4,2,3,0.0119629995897
434,149,78,79,3,3,0.031534999609
435,192,331,5,2,3,0.00636299978942
436,287,397,1,3,2,0.00896499957889
437,338,11,169,3,3,0.0187529996037
438,180,200,18,2,2,0.0283310003579
439,437,369,5,3,3,0.0278549995273
440,443,186,8,2,2,0.0287759993225
441,373,86,22,2,3,0.0140880001709
442,190,372,3,2,3,0.00568700022995
443,104,218,1,3,3,0.00105500000063
444,239,11,285,2,2,0.0309449993074
445,56,277,30,2,3,0.00930400006473
446,204,291,14,2,2,0.0368440002203
447,315,33,32,2,2,0.0142209995538
448,40,15,1335,2,2,0.0336630009115
449,400,325,7,2,3,0.0178079996258
450,229,186,21,2,3,0.0175519995391
451,31,306,33,3,2,0.0291000008583
452,447,28,23,2,2,0.0130920000374
453,155,446,8,3,3,0.0188929997385
454,128,119,37,3,2,0.0427450016141
455,217,233,6,2,2,0.0131710004061
456,114,392,7,3,2,0.0237269997597
457,309,231,9,2,2,0.0283710006624
458,117,297,27,3,2,0.081955999136
459,184,44,115,2,2,0.0409579984844
460,137,124,15,3,2,0.019938999787
461,209,131,19,2,2,0.0225159991533
462,444,67,11,2,3,0.00652700010687
463,216,44,32,3,2,0.0228840000927
464,324,188,10,3,2,0.0473579987884
465,314,311,7,2,2,0.0297919996083
466,421,18,11,2,3,0.00169199996162
467,383,195,1,2,2,0.00324900005944
468,236,62,65,2,3,0.0192109998316
469,279,335,5,2,3,0.00922599993646
470,356,200,8,2,3,0.0115360002965
471,60,438,4,3,2,0.00801999960095
472,398,392,1,2,2,0.00683599989861
473,61,359,15,2,2,0.0141099998727
474,48,45,401,3,3,0.0308870002627
475,97,168,45,2,3,0.014303999953
476,306,282,6,2,3,0.0136019997299
477,309,418,3,2,3,0.0100469999015
478,11,263,331,3,2,0.0684790015221
479,369,439,2,2,3,0.0065150000155
480,342,142,10,2,2,0.021663999185
481,424,442,4,2,2,0.0327269993722
482,332,129,9,3,3,0.0133379995823
483,338,212,2,2,2,0.00632499996573
484,398,37,22,2,2,0.0140359997749
485,302,6,365,3,3,0.0243449993432
486,35,367,15,3,3,0.00629599997774
487,314,19,38,2,3,0.00436600018293
488,1,91,5084,3,2,0.000612000003457
489,120,429,3,2,2,0.00676799984649
490,402,191,5,3,2,0.0297519993037
491,76,160,54,3,2,0.0490939989686
492,401,193,9,3,2,0.0545549988747
493,62,320,34,3,3,0.028594000265
494,283,156,22,2,3,0.0194150004536
495,90,422,19,2,2,0.0317349992692
496,173,283,18,2,3,0.0177139993757
497,263,192,19,3,2,0.0732910037041
498,429,65,27,3,3,0.0256580002606
499,87,198,44,2,2,0.0404010005295
500,229,154,27,3,3,0.0330259986222
501,386,448,3,2,2,0.0226780008525
502,297,316,4,2,2,0.0164909996092
503,13,411,165,3,3,0.0285550002009
504,438,228,10,3,3,0.0350079983473
505,41,373,49,2,3,0.0150880003348
506,283,133,19,3,3,0.025062000379
507,270,176,11,3,2,0.0397740006447
508,286,52,42,3,2,0.0473739989102
509,232,236,5,2,3,0.00536700012162
510,364,379,6,2,2,0.0360779985785
511,292,270,4,2,2,0.0138060003519
512,6,103,633,2,3,0.00776300020516
513,24,340,1,3,3,0.000333000003593
514,234,393,8,3,2,0.0659710019827
515,284,279,1,2,2,0.00345099996775
516,257,281,3,3,3,0.00758400000632
517,307,66,2,3,2,0.00307300011627
518,304,355,3,2,3,0.00646700011566
519,125,188,9,3,3,0.00720199989155
520,343,358,2,2,2,0.0109350001439
521,328,193,15,2,3,0.0186659991741
522,79,121,96,3,2,0.0697169974446
523,174,406,2,2,3,0.00278600002639
524,328,367,5,2,2,0.0346500016749
525,218,205,4,2,3,0.00351700000465
526,52,252,49,2,2,0.0280840005726
527,97,240,38,3,3,0.0304889995605
528,402,319,3,3,3,0.0134629998356
529,126,373,15,3,2,0.0541270002723
530,55,162,6,2,2,0.0023199999705
531,77,344,13,2,2,0.0148679995909
532,414,116,4,2,2,0.00842600036412
533,166,293,13,2,2,0.0358089990914
534,236,96,39,3,3,0.0304680000991
535,161,97,46,3,2,0.054822999984
536,29,8,2035,3,3,0.0126069998369
537,341,79,6,2,2,0.00713500007987
538,315,36,81,2,3,0.0186919998378
539,145,370,18,3,2,0.0796879976988
540,404,363,6,2,2,0.0393700003624
541,305,132,19,2,2,0.0333949998021
542,164,16,181,2,3,0.00931200012565
543,35,124,170,2,2,0.0314049981534
544,90,385,20,2,2,0.0307689998299
545,4,349,429,3,2,0.0238170009106
546,68,160,12,2,2,0.00582099985331
547,304,238,13,3,3,0.0324960015714
548,120,42,16,2,2,0.00361200002953
549,8,293,281,3,2,0.0391549989581
550,305,415,5,2,3,0.0124810002744
551,215,411,11,2,2,0.0421570017934
552,425,68,7,2,3,0.00413500005379
553,302,300,3,2,2,0.0121529996395
554,44,285,51,2,2,0.0280690006912
555,233,391,7,2,3,0.0167670007795
556,17,74,357,3,2,0.0321540012956
557,78,187,11,3,3,0.0056579997763
558,230,123,24,2,2,0.029470000416
559,128,28,229,3,3,0.0273640006781
560,295,152,16,2,3,0.0144600002095
561,201,160,17,2,2,0.0242500007153
562,354,212,11,2,3,0.016448000446
563,171,162,8,2,3,0.00442800018936
564,132,331,18,2,3,0.0187069997191
565,109,204,22,3,2,0.0404190011322
566,304,36,86,3,3,0.0334969982505
567,382,404,5,3,2,0.0591740012169
568,85,116,67,2,2,0.0288040004671
569,425,210,7,2,3,0.0124350003898
570,120,293,17,2,3,0.011814000085
571,350,169,6,2,3,0.00768100004643
572,367,211,4,3,2,0.029531000182
573,171,257,13,3,3,0.0198989994824
574,131,406,8,3,3,0.0148149998859
575,192,184,4,2,3,0.00282899988815
576,427,272,3,3,3,0.0121020004153
577,281,255,6,2,2,0.0186989996582
578,419,233,3,3,2,0.023003000766
579,408,332,6,3,2,0.0625130012631
580,36,437,5,3,2,0.00714100012556
581,118,67,105,2,2,0.0409040004015
582,29,55,11,3,3,0.000598000013269
583,18,65,355,3,2,0.0283359996974
584,308,203,6,2,2,0.0163480006158
585,442,209,5,2,2,0.0201350003481
586,256,325,3,2,3,0.00495499977842
587,107,296,14,2,2,0.0192409995943
588,370,150,10,3,3,0.0194520000368
589,288,384,5,3,2,0.0455759987235
590,156,305,6,2,3,0.00749900005758
591,134,227,25,2,2,0.0331249982119
592,109,54,147,3,2,0.0653899982572
593,434,269,7,2,3,0.0161930005997
594,207,114,3,3,2,0.0054999999702
595,252,410,3,2,2,0.0135690001771
596,93,290,14,3,3,0.0132830003276
597,406,188,6,2,2,0.0200490001589
598,308,103,27,2,2,0.0371490009129
599,383,229,2,3,3,0.00607699993998
600,325,45,35,3,3,0.0180280003697
601,423,53,13,2,2,0.0125799998641
602,32,47,495,2,2,0.0321489982307
603,240,156,16,3,2,0.0463100001216
604,17,373,146,2,3,0.0192280001938
605,198,278,8,2,3,0.0116159999743
606,55,19,20,2,3,0.000567000010051
607,367,384,3,3,3,0.0195530001074
608,182,230,9,3,3,0.0138210002333
609,432,85,1,2,2,0.00165600003675
610,387,431,3,2,2,0.0221980009228
611,306,431,7,2,3,0.0182009991258
612,121,254,24,2,3,0.0144720003009
613,278,192,8,2,3,0.00845899991691
614,322,416,4,3,2,0.0414789989591
615,140,281,15,2,3,0.0118439998478
616,407,381,4,2,3,0.0124580003321
617,424,215,2,2,2,0.00797600019723
618,186,9,302,2,3,0.0140829999
619,306,217,14,2,2,0.0526060014963
620,229,249,11,2,3,0.0125169996172
621,71,292,11,3,2,0.0176619999111
622,271,236,13,3,3,0.0288139991462
623,440,392,2,2,2,0.0151100000367
624,417,200,11,2,3,0.0181510001421
625,371,276,5,2,3,0.0101180002093
626,55,308,1,2,2,0.000765000004321
627,322,126,4,3,2,0.0126109998673
628,281,109,16,2,2,0.0212249998003
629,97,380,17,2,3,0.0150790000334
630,180,256,17,3,2,0.0634040012956
631,316,162,19,2,2,0.0425160005689
632,377,37,54,2,2,0.0328250005841
633,110,22,75,2,2,0.00815500039607
634,241,437,2,3,2,0.0163470003754
635,79,278,24,3,2,0.0400799997151
636,139,155,43,3,2,0.07836599648
637,377,224,1,3,2,0.00652999989688
638,162,280,8,3,2,0.0279050003737
639,421,341,3,2,3,0.00864300038666
640,177,179,21,2,3,0.013190000318
641,285,165,11,3,2,0.039756000042
642,274,417,5,3,3,0.0201350003481
643,119,72,45,3,3,0.016194999218
644,218,327,7,3,2,0.0416919998825
645,332,18,114,2,2,0.0303220003843
646,97,32,45,2,2,0.0062480000779
647,241,344,9,3,2,0.0572369992733
648,216,159,27,2,2,0.0405640006065
649,255,123,12,3,2,0.0304080005735
650,407,274,5,2,3,0.0146610001102
651,112,372,6,3,3,0.0085960002616
652,128,63,11,3,3,0.00306200003251
653,240,204,8,2,2,0.0171659998596
654,39,74,303,3,3,0.0298309996724
655,14,142,465,2,3,0.0194569993764
656,26,213,65,3,3,0.0116849998012
657,113,141,27,2,2,0.0189219992608
658,202,220,17,3,3,0.0260290000588
659,53,383,25,2,3,0.0102129997686
660,368,388,6,3,2,0.074726998806
661,204,208,3,2,2,0.00553400022909
662,277,199,3,2,3,0.00330400001258
663,443,111,11,2,3,0.0107270004228
664,154,415,11,3,3,0.0246990006417
665,384,261,7,2,3,0.013919999823
666,437,159,12,2,3,0.0166040007025
667,394,281,1,3,3,0.00382400001399
668,396,389,5,2,2,0.0335649996996
669,273,75,29,3,3,0.0244139991701
670,160,154,15,3,3,0.0150499995798
671,446,294,2,3,3,0.009221999906
672,121,67,67,2,3,0.0107540003955
673,20,160,300,3,2,0.0668649971485
674,427,103,22,3,3,0.0332389995456
675,163,132,5,2,3,0.0021120000165
676,180,30,41,2,3,0.00444700010121
677,90,371,2,2,2,0.00296800001524
678,194,51,7,2,2,0.0030469999183
679,414,139,12,3,2,0.0621870011091
680,332,358,3,3,2,0.0273410007358
681,108,56,27,3,2,0.0120590003207
682,277,248,9,2,2,0.0269259996712
683,126,260,24,3,3,0.0275800004601
684,401,298,8,2,2,0.0416759997606
685,228,92,17,2,2,0.0156529992819
686,159,126,1,3,2,0.00158299994655
687,118,128,41,2,3,0.0150370001793
688,444,191,1,3,3,0.0039229998365
689,266,193,14,3,3,0.0328980013728
690,230,295,2,2,2,0.00598199991509
691,426,119,13,2,2,0.0286420006305
692,121,80,80,3,3,0.0262010004371
693,5,191,210,3,2,0.0126769999042
694,34,389,70,3,3,0.0311239995062
695,308,279,7,3,3,0.0211299993098
696,370,316,8,3,2,0.0715909972787
697,11,178,41,3,3,0.00231299991719
698,156,435,1,2,2,0.00297600007616
699,113,282,22,3,3,0.0244449991733
700,36,61,301,2,2,0.0291259996593
701,33,348,3,3,3,0.0012309999438
702,146,223,8,3,3,0.00889999978244
703,239,30,5,2,2,0.00161299994215
704,357,112,12,2,2,0.0213469993323
705,25,184,150,2,3,0.0132750002667
706,334,378,1,2,3,0.0024830000475
707,394,363,5,2,2,0.0314039997756
708,238,71,21,2,3,0.007174000144
709,282,334,4,3,3,0.0130479997024
710,261,222,1,2,3,0.00117599999066
711,147,391,8,3,3,0.0162450000644
712,13,435,70,2,2,0.0159750003368
713,242,376,10,3,3,0.0312280002981
714,149,361,5,3,2,0.0206809993833
715,311,174,4,3,2,0.016575999558
716,35,300,79,2,2,0.0418649986386
717,432,123,6,2,2,0.0138750001788
718,55,20,717,3,3,0.0252379998565
719,418,447,2,2,3,0.00734200002626
720,389,59,39,2,3,0.0183949992061
721,217,257,5,2,3,0.00545000005513
722,17,442,93,3,2,0.0508119985461
723,332,168,1,2,2,0.00248000002466
724,86,236,30,2,3,0.0122109996155
725,40,202,60,3,3,0.0165289994329
726,157,53,14,3,2,0.0109780002385
727,32,160,108,2,3,0.0147249996662
728,7,114,332,3,2,0.0177459996194
729,119,332,6,2,3,0.00471000000834
730,401,140,3,3,3,0.00575000001118
731,257,267,7,3,2,0.0376200005412
732,309,76,14,2,3,0.00644099991769
733,259,433,2,3,2,0.0174490008503
734,386,445,5,2,2,0.03740600124
735,79,212,36,2,3,0.0119009995833
736,225,185,18,3,2,0.0660879984498
737,4,91,83,2,2,0.00136700004805
738,20,311,132,3,2,0.0576779991388
739,224,309,12,3,2,0.0635500028729
740,380,299,1,3,3,0.00394999980927
741,251,92,31,2,2,0.0312370005995
742,308,252,8,3,3,0.0248780008405
743,426,87,18,3,2,0.0534720011055
744,121,442,1,3,2,0.00411400012672
745,148,34,165,3,3,0.0280349999666
746,51,38,418,3,3,0.0269220005721
747,252,11,260,2,2,0.0296730007976
748,333,373,3,2,2,0.0162230003625
749,262,36,17,2,2,0.00719100004062
750,349,22,126,3,3,0.0384900011122
751,280,351,7,3,2,0.0538990013301
752,177,78,16,2,3,0.00435299985111
753,231,246,11,3,2,0.0478579998016
754,420,112,19,3,2,0.0678109973669
755,185,35,106,2,2,0.0294950008392
756,246,447,3,3,2,0.0253749992698
757,8,315,242,3,2,0.0360930003226
758,223,443,3,2,3,0.00594800012186
759,96,225,42,2,2,0.0395219996572
760,122,290,25,3,3,0.0305119995028
761,390,425,3,3,3,0.0172049999237
762,138,214,22,3,2,0.0576669983566
763,247,73,11,3,2,0.015340000391
764,210,258,16,3,3,0.03009499982
765,132,331,16,3,2,0.054253000766
766,427,29,79,2,3,0.0201750006527
767,420,106,5,3,3,0.00781800039113
768,34,394,74,3,2,0.0803660005331
769,194,49,31,3,3,0.0102190002799
770,65,93,26,3,2,0.0121510000899
771,46,359,48,3,2,0.0596349984407
772,145,106,2,2,2,0.00135599996429
773,59,228,21,2,3,0.00563600007445
774,177,278,15,2,3,0.0145800001919
775,315,137,10,2,3,0.00860000029206
776,228,360,8,3,3,0.0231839995831
777,215,126,16,2,2,0.0189159996808
778,244,426,1,3,2,0.00810000021011
779,354,60,21,2,2,0.0199599992484
780,35,140,120,3,2,0.0438110008836
781,353,69,41,3,2,0.0762910023332
782,384,439,4,3,3,0.0234859995544
783,108,150,53,3,2,0.0742700025439
784,344,267,8,3,2,0.0565599985421
785,334,345,1,3,3,0.00400700001046
786,192,169,13,3,3,0.0148679995909
787,293,260,8,2,2,0.0265560001135
788,98,369,26,3,3,0.0321680009365
789,379,289,8,2,3,0.0174310002476
790,339,161,3,2,2,0.00950799975544
791,377,111,21,3,2,0.0769930034876
792,70,358,27,2,3,0.0133450003341
793,255,195,9,3,2,0.0345650017262
794,267,270,6,2,3,0.00858900044113
795,35,274,8,3,2,0.00583299994469
796,295,28,16,3,3,0.00454499991611
797,437,46,26,3,3,0.0177909992635
798,405,434,5,2,2,0.0389240011573
799,379,448,3,3,2,0.0480410009623
800,148,190,24,3,3,0.0234500002116
801,160,53,53,2,2,0.0194029994309
802,65,426,28,3,2,0.0588809996843
803,412,218,9,3,3,0.0280200000852
804,286,245,13,2,2,0.0399519987404
805,353,54,5,3,3,0.00338199990802
806,330,186,3,3,2,0.0140760000795
807,124,73,47,3,3,0.0146679999307
808,432,304,3,2,3,0.00775500014424
809,111,50,75,2,3,0.00860400032252
810,46,287,12,3,2,0.0117359999567
811,294,64,6,3,2,0.00843000039458
812,8,259,277,3,2,0.0333550013602
813,415,362,2,2,2,0.0133480001241
814,417,152,11,3,3,0.0241710003465
815,75,198,58,3,2,0.0742719992995
816,42,180,91,2,3,0.0138149997219
817,27,300,10,3,2,0.00602999981493
818,78,87,79,3,3,0.0187079999596
819,444,97,1,2,2,0.0019270000048
820,324,393,4,2,2,0.0222169999033
821,343,218,7,2,2,0.023003000766
822,87,23,184,3,3,0.0121360002086
823,55,246,71,3,3,0.0334360003471
824,59,233,45,3,3,0.0282450001687
825,434,427,3,3,3,0.0191750004888
826,185,162,1,3,2,0.00233800010756
827,446,243,1,2,3,0.00215699989349
828,432,53,4,2,3,0.00188400002662
829,186,42,114,3,3,0.0314150005579
830,306,319,4,3,3,0.0138100003824
831,205,72,64,3,3,0.0330579988658
832,123,164,2,2,3,0.000821999972686
833,1,380,2492,3,2,0.000334000011208
834,384,207,1,3,3,0.00279500009492
835,88,237,23,3,2,0.0366399995983
836,433,185,10,3,3,0.0336860008538
837,132,241,10,2,2,0.0138809997588
838,413,362,1,2,3,0.00294100004248
839,387,163,1,2,2,0.0027640000917
840,75,399,16,2,3,0.00944199971855
841,315,205,7,2,2,0.0197780001909
842,192,22,74,2,2,0.0139960004017
843,210,432,9,2,2,0.0359320007265
844,409,342,3,3,3,0.0145579995587
845,443,291,2,3,2,0.0200660005212
846,9,327,314,3,3,0.0408780016005
847,214,204,14,3,3,0.0213479995728
848,117,376,7,2,3,0.00606600008905
849,351,280,9,2,2,0.0385270006955
850,176,180,22,2,3,0.0138259995729
851,297,394,4,2,2,0.0204179994762
852,229,346,2,2,3,0.00309600005858
853,5,198,88,2,2,0.00307899992913
854,380,329,7,3,2,0.0672319978476
855,37,5,3233,3,2,0.0382810011506
856,11,114,668,3,2,0.059268001467
857,133,131,20,2,2,0.015345999971
858,94,351,16,3,3,0.0181310009211
859,424,435,2,2,3,0.00738799991086
860,366,253,4,2,3,0.00729299988598
861,257,430,7,3,3,0.0294850002974
862,236,192,7,2,2,0.0164850000292
863,75,110,15,3,3,0.00424400018528
864,7,315,386,3,2,0.0570069998503
865,300,415,8,2,3,0.0195480007678
866,41,293,62,2,3,0.0151890004054
867,412,158,5,2,2,0.0142559995875
868,156,390,5,2,2,0.0135610001162
869,57,83,63,3,2,0.0227259993553
870,316,443,3,3,2,0.0403049997985
871,419,56,25,3,2,0.0448229983449
872,124,226,11,3,3,0.010603999719
873,124,294,2,3,2,0.00554100004956
874,278,203,5,3,2,0.0218909997493
875,16,268,53,3,2,0.0154689997435
876,319,442,5,2,3,0.0138100003824
877,33,358,72,3,3,0.0294390004128
878,425,193,1,2,2,0.00356100010686
879,249,248,1,3,2,0.00477600004524
880,343,249,4,3,3,0.0148600004613
881,16,92,658,3,3,0.0414020009339
882,84,411,9,3,3,0.0108120003715
883,120,407,17,3,3,0.0289290007204
884,321,62,22,2,2,0.0191779993474
885,440,66,27,2,3,0.0155710000545
886,380,86,15,2,2,0.0216669999063
887,9,96,366,2,3,0.00643400009722
888,116,61,97,3,3,0.0231679994613
889,32,367,28,2,2,0.0144760003313
890,310,383,7,2,2,0.0422209985554
891,221,147,1,2,2,0.00141999998596
892,43,240,23,2,3,0.00455799978226
893,442,273,5,3,3,0.0209340006113
894,17,177,293,3,2,0.0652249976993
895,422,147,14,2,3,0.0171590000391
896,377,342,3,3,2,0.0302680004388
897,224,422,10,3,2,0.0737259984016
898,142,413,12,3,3,0.0249359998852
899,375,225,11,2,3,0.0182739999145
900,416,140,3,2,2,0.00766800018027
901,446,415,4,3,2,0.058017000556
902,12,196,246,2,3,0.0113840000704
903,238,31,28,3,3,0.007042999845
904,271,144,14,3,2,0.0419920012355
905,62,288,30,3,2,0.0403469987214
906,404,39,39,3,2,0.0463950000703
907,188,62,1,3,3,0.000430999993114
908,200,130,5,3,2,0.0099240001291
909,179,323,1,2,3,0.00116300000809
910,30,356,76,3,3,0.0280169993639
911,32,200,123,3,3,0.026427000761
912,388,211,7,2,2,0.0301259998232
913,401,163,8,3,2,0.0402199998498
914,286,444,5,2,2,0.0279469992965
915,304,323,10,2,2,0.0427949987352
916,340,448,6,3,2,0.0713030025363
917,419,302,2,3,2,0.0262739993632
918,162,119,6,3,3,0.00397199997678
919,61,128,113,3,3,0.0297250002623
920,163,222,4,3,2,0.0111090000719
921,189,107,24,2,3,0.00969200022519
922,175,165,34,3,2,0.0752300024033
923,139,251,16,3,3,0.0191559996456
924,306,43,72,2,2,0.0414160005748
925,427,396,5,3,2,0.0651289969683
926,181,436,4,2,2,0.0137339998037
927,290,15,205,3,3,0.0318819992244
928,315,80,8,2,2,0.00883699953556
929,239,278,13,3,3,0.029810000211
930,9,234,147,3,3,0.0107939997688
931,336,243,3,3,3,0.0112380003557
932,198,177,14,3,2,0.0486360006034
933,66,131,84,2,3,0.0144739998505
934,40,131,150,2,2,0.034196998924
935,262,105,8,3,3,0.00765400007367
936,16,382,34,3,3,0.00683399988338
937,366,52,20,3,2,0.0283369999379
938,94,187,47,2,3,0.0161819998175
939,52,313,39,2,3,0.0122269997373
940,81,125,25,3,2,0.0196330007166
941,384,381,5,2,2,0.0379819981754
942,322,331,5,2,2,0.0233960002661
943,336,123,23,3,2,0.0728510022163
944,408,253,5,2,3,0.0101479999721
945,285,147,11,2,2,0.019985999912
946,324,323,5,2,2,0.0229669995606
947,68,47,292,2,3,0.0192220006138
948,197,259,6,2,3,0.0061539998278
949,9,110,201,2,3,0.00534400017932
950,294,254,11,2,2,0.0389919988811
951,184,301,2,2,2,0.00482999999076
952,446,385,1,2,3,0.00337000004947
953,211,230,11,2,3,0.0105910003185
954,288,302,6,3,3,0.0180649999529
955,364,196,14,2,2,0.0436620004475
956,102,73,29,3,2,0.0162640009075
957,206,217,9,2,2,0.0175170004368
958,55,238,25,2,2,0.0140810003504
959,39,180,35,2,2,0.0131040001288
960,18,274,53,2,2,0.0152979996055
961,176,411,6,2,3,0.0114900004119
962,122,253,29,3,3,0.0385500006378
963,336,123,24,2,2,0.0430480018258
964,400,82,11,2,2,0.015848999843
965,211,47,82,2,2,0.0348649993539
966,133,80,72,2,2,0.0333339981735
967,38,124,70,2,2,0.0144950002432
968,63,109,72,3,3,0.0170699991286
969,426,191,9,3,3,0.0251829996705
970,200,108,10,3,2,0.0163310002536
971,446,325,5,2,2,0.0315699987113
972,343,64,7,2,3,0.00305599998683
973,43,410,12,2,2,0.00923500023782
974,239,51,42,2,2,0.0223849993199
975,392,315,7,3,3,0.0298749990761
976,391,152,6,2,3,0.00719999987632
977,87,26,334,3,2,0.0619859993458
978,444,176,5,2,3,0.00774999987334
979,131,182,1,2,3,0.000502999988385
980,20,333,84,2,2,0.024824000895
981,182,426,7,2,3,0.0109459999949
982,434,187,12,2,3,0.0191290006042
983,83,408,20,3,3,0.0233789999038
984,230,225,6,2,2,0.0137919997796
985,1,392,1101,3,2,0.000169999999343
986,415,391,6,3,3,0.0339090004563
987,254,430,6,2,3,0.0131590003148
988,194,243,15,3,2,0.0550770014524
989,279,250,9,3,3,0.0217059999704
990,384,182,3,3,2,0.0163480006158
991,424,230,3,3,3,0.0100220004097
992,241,408,2,3,2,0.0154440002516
993,380,57,19,3,3,0.0144189996645
994,196,130,14,2,3,0.00702399993315
995,26,269,83,2,3,0.0121449995786
996,432,338,5,3,2,0.0559969991446
997,43,21,387,3,2,0.0255180001259
998,22,421,18,3,3,0.00562500022352
999,299,261,1,2,2,0.00346500007436
1000,338,29,98,3,3,0.0315000005066
1001,76,109,71,3,2,0.0449209995568
1002,203,45,20,3,3,0.0063229999505
1003,76,138,71,2,3,0.0163790006191
1004,437,337,5,2,3,0.0181549992412
1005,375,328,8,2,3,0.0193169992417
1006,253,56,23,3,2,0.0243710000068
1007,148,38,105,2,3,0.0120130004361
1008,359,441,3,3,2,0.0375589989126
1009,238,220,17,2,3,0.0177090000361
1010,317,120,6,2,3,0.00449700001627
1011,432,97,3,2,3,0.00246999994852
1012,235,160,20,3,2,0.0617970004678
1013,345,110,15,2,2,0.0263129994273
1014,49,396,32,2,3,0.012090000324
1015,264,394,7,2,3,0.0143959997222
1016,140,332,20,2,2,0.0413520000875
1017,280,306,3,3,2,0.0196819994599
1018,309,384,5,3,3,0.020646000281
1019,279,212,8,2,3,0.0095600001514
1020,345,210,13,2,2,0.0432600006461
1021,423,196,6,2,2,0.0296790003777
1022,34,298,22,3,2,0.0177500005811
1023,297,191,10,3,2,0.0436110012233
1024,320,350,1,3,2,0.00864399969578
1025,210,214,7,2,3,0.00622799992561
1026,165,186,5,3,2,0.0118460003287
1027,417,183,7,3,3,0.0185850001872
1028,47,416,22,3,3,0.0142620000988
1029,110,51,92,3,3,0.0180830005556
1030,361,43,46,3,3,0.0247610006481
1031,175,425,13,2,2,0.0496929995716
1032,203,323,9,2,2,0.0256009995937
1033,386,66,4,3,2,0.00779699999839
1034,92,194,45,2,3,0.0160700008273
1035,263,350,10,3,2,0.0718789994717
1036,249,53,56,2,3,0.0150709999725
1037,287,154,22,2,3,0.0191110000014
1038,425,150,13,3,3,0.0374459996819
1039,211,47,72,3,2,0.0546559989452
1040,347,404,3,3,3,0.0148379998282
1041,155,228,9,2,2,0.0138379996642
1042,338,65,34,2,3,0.0150659997016
1043,119,410,7,3,2,0.0266820006073
1044,310,323,9,3,3,0.030965000391
1045,404,382,4,2,3,0.0122400000691
1046,319,447,4,3,3,0.0257959999144
1047,261,345,10,3,2,0.0693690031767
1048,67,366,5,3,3,0.0042610000819
1049,92,218,35,3,3,0.0237349998206
1050,243,416,3,2,3,0.00610500015318
1051,234,317,6,2,2,0.0195589996874
1052,204,204,13,2,2,0.0236629992723
1053,136,422,1,3,3,0.00200399989262
1054,363,230,6,3,2,0.0387750007212
1055,380,389,1,3,2,0.0116090001538
1056,119,412,3,3,2,0.0115360002965
1057,216,384,7,2,2,0.0253609996289
1058,411,385,4,3,2,0.0498160012066
1059,390,380,4,3,2,0.0455269999802
1060,333,278,2,2,3,0.00365000008605
1061,216,4,103,3,3,0.00300000002608
1062,114,420,6,3,2,0.02709900029
1063,394,414,2,2,3,0.00642299978063
1064,123,378,18,3,3,0.0291390009224
1065,188,363,7,3,2,0.0365570001304
1066,164,360,16,3,2,0.0723460018635
1067,385,291,7,2,2,0.0346530005336
1068,239,107,26,2,3,0.0182029996067
1069,125,122,52,2,2,0.0346660017967
1070,63,282,17,3,3,0.0105410004035
1071,282,123,24,3,2,0.0635709986091
1072,150,226,13,2,3,0.00882900040597
1073,439,417,1,3,2,0.0141559997573
1074,79,309,33,3,2,0.0617429986596
1075,31,305,40,2,3,0.00738100009039
1076,51,40,7,3,2,0.00106599996798
1077,48,26,425,2,2,0.0235380008817
1078,391,137,10,2,2,0.0232369992882
1079,345,6,251,2,3,0.01109000016
1080,169,108,1,3,3,0.000659000012092
1081,431,319,5,2,3,0.0135289998725
1082,85,414,23,2,3,0.0160179995
1083,216,392,6,3,3,0.0175560005009
1084,93,249,42,2,3,0.0191660001874
1085,439,328,2,3,3,0.0120339998975
1086,352,39,44,3,3,0.0245629996061
1087,181,126,30,2,2,0.0298089999706
1088,261,313,9,2,3,0.0144309997559
1089,272,338,8,2,2,0.0321349985898
1090,64,337,24,2,3,0.010219999589
1091,146,438,12,2,2,0.0335199981928
1092,132,359,11,3,3,0.0180050004274
1093,431,183,12,3,2,0.073501996696
1094,129,429,17,2,2,0.0406769998372
1095,350,194,14,3,3,0.0328160002828
1096,447,401,1,2,2,0.00780799984932
1097,397,420,1,3,2,0.0128499995917
1098,184,317,7,2,2,0.0178059991449
1099,218,433,9,2,3,0.0167529992759
1100,204,204,10,3,2,0.0322629995644
1101,130,17,351,2,3,0.0165299996734
1102,212,80,37,3,3,0.0211239997298
1103,79,111,89,3,2,0.059553001076
1104,320,32,92,3,2,0.069200001657
1105,411,404,1,2,3,0.0044619999826
1106,337,367,3,3,2,0.0381090007722
1107,19,233,14,3,3,0.0020600000862
1108,327,66,17,3,3,0.0130860004574
1109,135,199,35,2,3,0.0185499992222
1110,357,108,18,2,3,0.0138259995729
1111,444,74,8,2,3,0.00523900007829
1112,407,228,3,2,3,0.00548199983314
1113,170,158,21,2,3,0.0116280000657
1114,218,217,3,3,2,0.0108930002898
1115,114,83,72,2,3,0.0139130000025
1116,313,250,2,2,3,0.00306500005536
1117,72,112,88,2,2,0.0317099988461
1118,124,143,32,2,3,0.0146040003747
1119,310,390,7,2,3,0.0190089996904
1120,179,388,8,3,2,0.0434040017426
1121,433,327,2,3,3,0.00986200012267
1122,301,349,7,3,3,0.0254740007222
1123,5,381,240,3,3,0.00958099961281
1124,327,247,3,2,2,0.0105480002239
1125,398,29,37,2,2,0.0182489994913
1126,336,424,3,3,2,0.0327869988978
1127,321,53,57,2,2,0.0500640012324
1128,292,111,29,2,3,0.0185209996998
1129,38,162,129,2,2,0.0347299985588
1130,279,23,51,3,2,0.0246639996767
1131,370,119,9,2,2,0.0173429995775
1132,246,448,5,3,2,0.042592998594
1133,407,152,3,2,2,0.00812599994242
1134,285,440,3,2,2,0.0164110008627
1135,312,365,8,3,2,0.0768719986081
1136,127,409,15,3,2,0.0597250014544
1137,51,126,126,2,3,0.0160099994391
1138,324,395,7,3,3,0.0315949991345
1139,116,111,77,3,2,0.0832929983735
1140,369,303,3,2,2,0.0149219995365
1141,171,281,7,3,2,0.0259489994496
1142,192,98,9,3,3,0.00578300002962
1143,50,446,20,2,3,0.00898700021207
1144,196,6,545,3,2,0.0351600013673
1145,158,85,51,2,3,0.013477999717
1146,246,128,24,2,2,0.0330870002508
1147,327,131,23,2,3,0.0205450002104
1148,178,350,9,3,3,0.024227000773
1149,14,347,2,2,2,0.000457999994978
1150,414,412,1,2,2,0.00747499987483
1151,303,243,4,3,3,0.0103179998696
1152,59,206,27,3,3,0.0109339999035
1153,248,440,7,3,2,0.0584149993956
1154,93,298,1,2,3,0.000579999992624
1155,58,236,1,3,3,0.000500000023749
1156,251,153,17,2,3,0.0131569998339
1157,372,60,11,2,3,0.0048919999972
1158,67,440,30,2,2,0.038316000253
1159,283,446,5,3,3,0.0276660006493
1160,436,289,6,3,2,0.0581090003252
1161,246,426,3,2,3,0.00619600014761
1162,359,248,10,2,3,0.017628999427
1163,313,102,4,3,3,0.00443700002506
1164,281,66,50,3,2,0.069629997015
1165,283,430,4,3,3,0.0171109996736
1166,14,245,191,3,2,0.0440069995821
1167,402,334,4,3,2,0.0411739982665
1168,19,229,66,2,2,0.0119089996442
1169,132,334,8,3,3,0.0122419996187
1170,105,52,168,3,2,0.067930996418
1171,122,422,19,3,2,0.0741719976068
1172,186,7,96,2,3,0.00231799995527
1173,24,371,21,2,3,0.00368799990974
1174,165,436,8,2,3,0.0115189999342
1175,424,169,7,2,3,0.00983799993992
1176,302,422,6,2,3,0.0151279997081
1177,256,21,2,3,3,0.000415999995312
1178,354,121,14,2,3,0.0119719998911
1179,274,214,7,2,3,0.00803800020367
1180,413,330,7,3,2,0.0732840001583
1181,18,220,94,2,3,0.0073469998315
1182,233,321,4,2,2,0.0132449995726
1183,225,105,26,3,2,0.0474920012057
1184,85,223,8,3,3,0.0053220000118
1185,1,150,3370,3,3,0.0526910014451
1186,104,109,13,2,2,0.00654499977827
1187,252,339,3,3,2,0.0196829997003
1188,103,44,123,2,2,0.0244369991124
1189,334,185,3,3,3,0.00647500017658
1190,317,316,4,2,3,0.00791800022125
1191,72,18,453,3,3,0.0207839999348
1192,42,136,81,3,3,0.0159980002791
1193,430,367,1,3,2,0.0123009998351
1194,375,126,18,2,2,0.0371010005474
1195,437,17,11,3,2,0.00603100005537
1196,284,3,315,3,2,0.016454000026
1197,10,201,34,3,3,0.0029349999968
1198,285,158,19,3,3,0.0384479984641
1199,240,378,5,2,2,0.0199820008129
1200,313,172,8,3,3,0.0151230003685
1201,298,421,2,2,3,0.00490499986336
1202,264,355,7,3,2,0.050310999155
1203,107,356,9,2,2,0.0149809997529
1204,131,434,7,2,3,0.00799200031906
1205,248,384,2,3,3,0.00669700000435
1206,322,300,1,3,3,0.00336099998094
1207,110,147,37,2,3,0.0119979996234
1208,403,247,8,2,2,0.042376998812
1209,261,25,71,3,3,0.0156539995223
1210,335,100,20,3,3,0.0231110006571
1211,262,384,3,3,3,0.0104590002447
1212,152,297,8,2,2,0.0157559998333
1213,92,243,12,3,3,0.00918800011277
1214,397,347,5,2,2,0.0299520008266
1215,105,231,35,2,2,0.0365899987519
1216,333,128,23,2,3,0.01947700046
1217,5,15,2135,3,3,0.00511300005019
1218,333,218,7,2,2,0.0261930003762
1219,72,16,635,3,2,0.0489839985967
1220,100,156,43,2,2,0.0293649993837
1221,226,286,2,3,3,0.0045130001381
1222,81,335,13,3,2,0.0272569991648
1223,2,73,5224,2,3,0.0229400005192
1224,390,6,317,2,2,0.0345759987831
1225,180,90,41,2,2,0.0355239994824
1226,399,93,9,3,3,0.011637000367
1227,291,158,1,3,3,0.0016380000161
1228,286,54,24,3,2,0.0276030004025
1229,315,290,6,3,2,0.0425149984658
1230,294,18,176,3,3,0.0334750004113
1231,287,155,15,2,2,0.0294129997492
1232,425,289,5,2,3,0.012090000324
1233,407,277,6,3,3,0.030705999583
1234,277,214,7,2,2,0.0184000004083
1235,233,435,2,3,2,0.0156479999423
1236,12,132,97,2,3,0.00310300011188
1237,443,434,5,2,3,0.0189830008894
1238,32,47,429,3,3,0.0203210003674
1239,91,7,1285,3,2,0.0559220016003
1240,160,196,3,3,3,0.00331500009634
1241,294,348,3,3,2,0.0235649999231
1242,37,65,33,2,3,0.0021190000698
1243,349,277,5,2,2,0.0253480002284
1244,318,209,12,3,3,0.0276389997452
1245,147,446,11,3,2,0.0555809997022
1246,376,444,5,2,3,0.0163700003177
1247,286,273,8,3,2,0.0480169989169
1248,410,317,5,2,3,0.0128849996254
1249,403,98,24,3,3,0.0388510003686
1250,254,142,19,2,2,0.0305330008268
1251,369,298,9,3,3,0.0344429984689
1252,389,407,4,2,3,0.0127600003034
1253,273,190,9,2,2,0.0207349993289
1254,241,23,84,3,3,0.0150739997625
1255,263,444,4,2,3,0.00923900026828
1256,418,140,3,3,2,0.013524999842
1257,343,320,8,3,3,0.0304959993809
1258,135,347,18,3,3,0.0370829999447
1259,446,323,1,3,2,0.0112349996343
1260,270,381,1,3,3,0.00359399989247
1261,107,164,35,3,2,0.0467250011861
1262,356,115,23,3,2,0.0733079984784
1263,67,61,81,3,3,0.0112159997225
1264,83,240,24,3,3,0.0163010004908
1265,64,77,11,2,3,0.0011040000245
1266,109,274,27,2,2,0.0430070012808
1267,300,267,3,3,2,0.0185720007867
1268,366,318,3,2,3,0.00694099999964
1269,157,109,44,3,2,0.0580519996583
1270,5,330,352,2,2,0.0204099994153
1271,315,350,4,2,2,0.0193680003285
1272,230,215,19,3,3,0.0323409996927
1273,161,392,5,3,2,0.0244449991733
1274,20,267,106,3,2,0.0401379987597
1275,441,180,2,3,3,0.00559700001031
1276,221,241,4,3,3,0.00742400018498
1277,99,8,1255,2,2,0.0450010001659
1278,5,3,10675,3,3,0.00509400013834
1279,416,408,2,3,2,0.0263289995492
1280,270,184,1,3,2,0.00379900005646
1281,54,53,123,3,3,0.0126710003242
1282,357,85,30,2,2,0.0441729985178
1283,420,358,4,3,3,0.0212060008198
1284,386,256,8,2,3,0.0158539991826
1285,133,99,75,2,3,0.0197090003639
1286,407,203,5,2,2,0.0179730001837
1287,382,299,7,2,2,0.0348000004888
1288,293,357,4,3,3,0.0147529998794
1289,392,425,4,2,2,0.0305349994451
1290,221,12,48,3,3,0.00615100003779
1291,53,206,28,3,3,0.0101290000603
1292,219,213,3,3,2,0.0108000002801
1293,62,349,36,3,3,0.0261530000716
1294,156,215,14,3,2,0.0364289991558
1295,325,175,6,3,2,0.0264730006456
1296,367,260,6,2,2,0.0249749999493
1297,117,265,3,3,2,0.00724799977615
1298,310,385,4,3,2,0.0373869985342
1299,116,373,16,2,2,0.0306839998811
1300,300,54,17,2,2,0.0123490002006
1301,270,426,4,2,3,0.00923599954695
1302,272,294,11,3,3,0.0309549998492
1303,184,163,6,2,2,0.00786499958485
1304,316,260,12,2,3,0.0194150004536
1305,89,343,6,3,2,0.0141489999369
1306,376,38,50,2,2,0.0317009985447
1307,98,386,26,2,3,0.0261129997671
1308,1,441,1511,3,3,0.0702020004392
1309,208,232,20,2,3,0.0188239999115
1310,169,63,6,2,3,0.00129899999592
1311,201,390,3,2,3,0.00468300003558
1312,258,2,971,2,2,0.0248050000519
1313,151,228,9,3,2,0.0238279998302
1314,13,409,118,3,2,0.0501450002193
1315,51,73,206,3,2,0.0586440004408
1316,333,303,4,2,2,0.0178549997509
1317,53,433,24,2,2,0.0235949996859
1318,58,105,147,3,3,0.0306279994547
1319,389,354,2,3,3,0.00963800027966
1320,440,276,6,3,3,0.0252049993724
1321,217,292,12,3,2,0.067363999784
1322,342,142,14,2,3,0.0136200003326
1323,11,287,171,3,2,0.0382120013237
1324,38,80,2,2,3,0.00016300000425
1325,371,431,6,3,3,0.0337699986994
1326,379,223,10,3,3,0.0294359996915
1327,100,167,17,2,3,0.00554900011048
1328,242,147,5,3,2,0.0137179996818
1329,392,122,5,2,3,0.00482199992985
1330,122,16,245,3,2,0.0408399999142
1331,137,151,43,2,2,0.0390129983425
1332,57,267,46,2,2,0.0304990001023
1333,114,352,1,2,2,0.00176300003659
1334,417,414,1,3,2,0.0133269997314
1335,336,26,58,3,3,0.0166219994426
1336,392,141,15,2,3,0.0164219997823
1337,129,400,11,2,3,0.0111750001088
1338,118,296,12,3,3,0.0143740000203
1339,23,307,109,3,2,0.06641600281
1340,245,250,1,2,3,0.00121999997646
1341,57,308,43,3,3,0.026079999283
1342,191,62,83,2,3,0.0200260002166
1343,170,221,12,3,2,0.0347280018032
1344,108,277,24,3,3,0.024924999103
1345,84,374,6,2,2,0.00840300042182
1346,154,411,9,2,2,0.0252689998597
1347,308,349,9,2,3,0.0243570003659
1348,3,236,379,2,3,0.0060419999063
1349,284,99,9,2,3,0.00500999996439
1350,291,113,9,3,2,0.0227269995958
1351,262,247,5,2,3,0.00645000021905
1352,223,138,1,3,2,0.00239400006831
1353,391,243,9,3,3,0.029627000913
1354,382,408,5,3,3,0.0275420006365
1355,202,281,8,2,2,0.0197979994118
1356,428,111,8,2,3,0.0076790000312
1357,329,406,3,3,3,0.013919999823
1358,346,198,6,2,3,0.00813999958336
1359,414,38,63,3,2,0.0807060003281
1360,259,95,5,3,2,0.0093949995935
1361,20,58,124,2,2,0.00636400002986
1362,198,388,10,3,3,0.0265970006585
1363,15,330,90,2,3,0.00879899971187
1364,138,62,46,2,2,0.0176219996065
1365,302,422,3,3,3,0.0131670003757
1366,96,337,24,3,3,0.0268929991871
1367,442,50,24,3,3,0.022840000689
1368,266,113,17,2,3,0.0110999997705
1369,61,427,24,3,2,0.0479299984872
1370,147,447,5,3,3,0.0115670002997
1371,7,350,215,3,3,0.0156820006669
1372,393,194,6,3,3,0.0160980001092
1373,266,387,1,2,2,0.0044849999249
1374,336,44,34,2,2,0.0221549998969
1375,139,51,10,3,2,0.00538400001824
1376,310,289,7,2,3,0.0124869998544
1377,435,396,2,3,3,0.0119749996811
1378,9,230,347,3,3,0.0307849999517
1379,381,101,4,3,2,0.0119369998574
1380,305,200,6,3,2,0.0280200000852
1381,360,351,1,2,2,0.00563600007445
1382,318,302,2,3,2,0.0148600004613
1383,244,175,1,2,2,0.00191700004507
1384,189,184,8,2,3,0.00553099997342
1385,238,127,15,3,2,0.0347199998796
1386,358,333,4,3,3,0.016622999683
1387,433,92,2,3,2,0.00605499977246
1388,289,88,37,3,2,0.0809440016747
1389,37,161,30,2,2,0.00763999996707
1390,416,192,7,2,3,0.0110590001568
1391,322,77,33,2,2,0.0354419983923
1392,252,245,15,3,3,0.0321470014751
1393,305,366,3,2,2,0.0146040003747
1394,34,135,97,3,3,0.0150530003011
1395,220,124,21,3,2,0.0481630004942
1396,304,81,34,3,2,0.064377002418
1397,24,395,70,3,3,0.0229780003428
1398,326,160,10,2,2,0.0228489991277
1399,43,96,230,3,2,0.070532001555
1400,293,222,10,3,3,0.0228819996119
1401,361,64,15,3,2,0.0260419994593
1402,167,363,5,3,2,0.0234389994293
1403,403,208,3,2,3,0.0049060001038
1404,407,212,5,3,2,0.0333580002189
1405,283,351,4,3,2,0.0306199993938
1406,252,68,47,2,3,0.0161879993975
1407,325,154,5,3,2,0.0193259995431
1408,254,350,7,2,2,0.0323270000517
1409,345,117,4,3,3,0.00608099997044
1410,303,173,11,3,2,0.0447090007365
1411,219,325,12,2,2,0.0370360016823
1412,282,404,3,2,3,0.00688300002366
1413,392,439,1,3,3,0.00593499979004
1414,359,254,9,3,2,0.0642139986157
1415,287,406,4,3,3,0.0163679998368
1416,55,386,42,3,2,0.0741909965873
1417,227,299,14,2,2,0.0418849997222
1418,375,65,15,3,3,0.0123840002343
1419,329,381,3,3,2,0.0290610007942
1420,161,419,3,2,3,0.00407300004736
1421,231,227,14,2,2,0.0318249985576
1422,359,6,417,3,2,0.0573609992862
1423,354,134,12,3,2,0.0440369993448
1424,409,25,22,3,2,0.0168629996479
1425,59,316,52,3,2,0.0744220018387
1426,352,170,12,2,3,0.0144440000877
1427,253,158,22,3,3,0.0303530003875
1428,348,353,3,2,2,0.0215259995311
1429,183,81,57,2,2,0.0363739989698
1430,147,131,2,2,3,0.000806000025477
1431,176,284,13,3,2,0.0496519990265
1432,278,49,64,3,3,0.0304049998522
1433,109,192,27,2,3,0.0111360000446
1434,85,445,11,3,2,0.0318249985576
1435,259,312,11,3,3,0.0367579981685
1436,69,357,29,3,3,0.0250589996576
1437,51,40,458,3,3,0.0319559983909
1438,240,183,19,2,3,0.0164589993656
1439,155,86,24,3,2,0.0246419999748
1440,324,10,20,2,2,0.00294300005771
1441,208,40,118,3,2,0.0719330012798
1442,200,378,3,3,3,0.00793199986219
1443,43,52,106,3,3,0.01070000045
1444,111,416,15,3,2,0.0625159963965
1445,444,199,2,2,3,0.00346300005913
1446,15,66,844,3,2,0.0593289993703
1447,373,405,3,3,3,0.0157060008496
1448,254,414,3,2,3,0.0062339999713
1449,25,44,874,3,3,0.0314510017633
1450,219,347,11,3,2,0.0643870010972
1451,112,411,6,2,3,0.00536300009117
1452,183,254,4,3,3,0.00641399994493
1453,40,29,637,3,2,0.0538889989257
1454,354,287,8,2,2,0.0359999984503
1455,54,22,390,3,2,0.0318880006671
1456,3,315,827,2,2,0.0229490008205
1457,210,330,4,2,2,0.0161940008402
1458,284,430,2,3,3,0.0084739997983
1459,246,336,7,2,2,0.0253120008856
1460,12,277,157,2,2,0.0227719992399
1461,303,29,25,3,3,0.00717800017446
1462,246,318,9,2,2,0.0309629999101
1463,201,116,11,2,2,0.0112039996311
1464,64,364,10,3,3,0.00793800037354
1465,253,427,9,3,3,0.033518999815
1466,331,123,22,3,2,0.0696170032024
1467,290,255,11,2,2,0.0354150012136
1468,255,383,9,2,2,0.0381509996951
1469,209,322,10,3,2,0.0525670014322
1470,102,99,55,3,3,0.0196969993412
1471,294,141,21,3,2,0.0723839998245
1472,353,145,5,3,2,0.0200369991362
1473,133,172,29,3,2,0.0513349995017
1474,135,126,1,2,3,0.000364000006812
1475,114,52,72,2,3,0.00833300035447
1476,217,275,16,2,2,0.041604001075
1477,108,112,63,3,2,0.0665939971805
1478,434,263,7,2,2,0.0347779989243
1479,195,113,10,3,3,0.00758400000632
1480,403,95,17,3,2,0.0505409985781
1481,370,279,6,2,3,0.0124159995466
1482,314,95,3,3,2,0.00695700012147
1483,338,396,2,2,3,0.00526800006628
1484,420,139,3,2,3,0.00344099989161
1485,423,359,4,3,2,0.0550719983876
1486,394,193,8,3,2,0.0471299998462
1487,147,123,43,2,2,0.0341180004179
1488,53,215,60,3,2,0.0528669990599
1489,342,253,8,3,3,0.0243939999491
1490,1,273,1368,2,3,0.0223060008138
1491,290,59,33,2,2,0.0248130001128
1492,203,89,28,3,2,0.0393939986825
1493,426,52,38,2,3,0.0164090003818
1494,75,93,10,2,2,0.002994999988
1495,102,10,944,3,2,0.060704998672
1496,194,111,10,2,2,0.00953800044954
1497,138,421,3,2,2,0.00777099980041
1498,333,158,12,2,3,0.0128880003467
1499,122,441,2,2,2,0.00625800015405
1500,45,164,37,3,3,0.0099849998951
1501,342,33,8,3,2,0.00679400004447
1502,197,53,66,2,3,0.0142909996212
1503,29,7,2121,2,3,0.0084969997406
1504,380,411,1,2,2,0.00682900007814
1505,241,444,2,3,2,0.0164669994265
1506,95,192,28,2,3,0.0102599998936
1507,137,202,3,2,2,0.00360399996862
1508,244,153,18,3,3,0.0234820004553
1509,243,181,19,2,2,0.036221999675
1510,289,228,12,3,3,0.0319960005581
1511,267,207,5,2,3,0.0064489999786
1512,230,18,88,2,3,0.00743300002068
1513,38,205,74,2,2,0.0252819992602
1514,152,10,410,3,2,0.0392200015485
1515,28,96,253,2,3,0.0130129996687
1516,186,60,8,2,3,0.00181299995165
1517,230,378,7,2,2,0.026610000059
1518,353,61,12,2,3,0.00502200005576
1519,186,326,16,2,2,0.0431069992483
1520,411,187,5,3,2,0.0365549996495
1521,109,190,28,2,3,0.0112789999694
1522,392,288,4,2,2,0.019762000069
1523,109,241,32,2,2,0.0362530015409
1524,6,119,591,3,2,0.0219449996948
1525,128,196,5,2,2,0.00547500001267
1526,377,166,10,3,3,0.0217310003936
1527,241,9,291,2,2,0.0255260001868
1528,40,99,36,3,2,0.0105480002239
1529,118,425,7,3,3,0.0162649992853
1530,154,293,17,2,3,0.0150669999421
1531,363,175,11,3,3,0.0246520005167
1532,378,81,4,2,2,0.00530500011519
1533,177,176,17,3,2,0.0410870015621
1534,236,379,5,3,2,0.0351030007005
1535,24,261,36,3,3,0.00784500036389
1536,425,38,55,2,3,0.0182169992477
1537,423,207,6,3,2,0.0412029996514
1538,183,144,7,3,2,0.0140840001404
1539,86,447,12,3,3,0.0158350002021
1540,181,269,16,2,3,0.0153170004487
1541,348,67,19,2,3,0.00865599978715
1542,160,130,41,3,3,0.0295240003616
1543,78,197,32,2,3,0.00977599993348
1544,136,441,10,2,3,0.0118070002645
1545,349,414,3,2,2,0.0189100001007
1546,414,262,7,3,2,0.0671050027013
1547,297,414,6,2,2,0.0326399989426
1548,203,357,7,3,3,0.0174540001899
1549,64,14,457,2,2,0.0184010006487
1550,119,436,8,3,2,0.0317809991539
1551,161,112,34,2,3,0.0121050002053
1552,5,254,527,2,3,0.0159309990704
1553,86,52,109,3,3,0.0163199994713
1554,79,9,1308,2,3,0.025399999693
1555,186,92,47,3,2,0.0610099993646
1556,11,151,422,2,2,0.0278859995306
1557,206,330,8,3,2,0.0415939986706
1558,109,50,88,3,3,0.0159600004554
1559,339,394,5,3,2,0.0514190010726
1560,65,250,42,2,3,0.01862699911
1561,67,328,37,2,3,0.0157190002501
1562,255,444,1,2,3,0.00228099990636
1563,374,333,4,2,3,0.00984099972993
1564,367,2,507,3,3,0.0209120009094
1565,53,11,732,3,3,0.0124009996653
1566,254,159,3,2,3,0.00240799994208
1567,3,13,3196,2,2,0.00391100021079
1568,257,241,10,3,2,0.0486439988017
1569,286,189,16,2,3,0.0169719997793
1570,313,190,2,3,2,0.00915400031954
1571,314,99,19,2,2,0.0333259999752
1572,282,415,1,2,3,0.00231199990958
1573,204,88,48,2,3,0.0169690009207
1574,339,135,15,2,2,0.0299629997462
1575,26,208,133,2,3,0.0149229997769
1576,375,10,90,3,3,0.0109470002353
1577,268,37,92,3,2,0.0696040019393
1578,393,213,8,3,2,0.0593839995563
1579,207,376,1,2,3,0.0015569999814
1580,378,2,794,3,3,0.0335979983211
1581,62,229,56,2,3,0.0161240007728
1582,59,445,5,3,3,0.00448800018057
1583,189,18,57,2,3,0.00392000004649
1584,155,90,18,3,2,0.018988000229
1585,75,66,168,3,3,0.0290990006179
1586,61,16,16,3,3,0.000540999986697
1587,162,434,2,2,3,0.00278400001116
1588,430,217,5,2,3,0.00922099966556
1589,60,119,3,3,2,0.00167400005739
1590,166,61,69,2,2,0.0368489995599
1591,5,57,3191,2,3,0.0222059991211
1592,120,124,58,2,2,0.0383960008621
1593,239,48,1,3,2,0.000882000022102
1594,373,399,1,2,3,0.00293299998157
1595,384,135,9,2,2,0.020300000906
1596,438,123,18,2,3,0.019455999136
1597,193,385,7,3,2,0.0407459996641
1598,200,340,5,3,2,0.0260889995843
1599,23,303,143,3,2,0.0799729973078
1600,16,129,10,3,3,0.00070199999027
1601,18,166,245,3,3,0.025327000767
1602,183,224,24,3,3,0.0344539992511
1603,443,31,47,3,3,0.0218279995024
1604,276,327,10,3,3,0.0313559994102
1605,410,182,11,2,3,0.0163160003722
1606,8,431,64,3,2,0.0128819998354
1607,19,39,375,3,2,0.0201740004122
1608,82,295,26,3,3,0.0215259995311
1609,239,9,339,3,2,0.0517599992454
1610,323,169,12,2,3,0.0131139997393
1611,375,322,6,3,3,0.025109000504
1612,10,361,272,3,3,0.0316510014236
1613,170,189,17,2,3,0.0148050002754
1614,145,128,37,3,2,0.0521849989891
1615,176,334,14,2,2,0.0365520007908
1616,320,262,5,2,2,0.0183579996228
1617,276,48,65,2,2,0.037850998342
1618,398,252,6,3,3,0.02101900056
1619,427,276,2,3,3,0.00814899988472
1620,323,22,34,2,3,0.00560599984601
1621,148,238,2,3,3,0.0032689999789
1622,78,102,71,3,3,0.0262650009245
1623,248,403,5,2,3,0.00994300004095
1624,252,325,1,3,3,0.00291000003926
1625,328,353,3,3,3,0.0119869997725
1626,67,432,5,3,2,0.0110269999132
1627,392,144,10,3,3,0.0197059996426
1628,289,40,48,2,2,0.0243749991059
1629,62,70,203,3,3,0.029470000416
1630,274,186,1,3,2,0.00395799987018
1631,375,316,4,2,3,0.00940900016576
1632,16,410,114,2,2,0.0327019989491
1633,435,363,5,3,3,0.0335949994624
1634,261,13,35,3,2,0.00860099960119
1635,127,101,75,2,2,0.0413790009916
1636,38,211,12,3,3,0.00317799998447
1637,387,185,5,3,2,0.028055999428
1638,4,310,764,3,3,0.0247900001705
1639,150,125,32,2,3,0.0119310002774
1640,133,16,102,3,2,0.0148809999228
1641,70,372,36,2,3,0.01832200028
1642,156,149,8,2,3,0.00503099989146
1643,415,313,7,2,3,0.0212820004672
1644,335,352,8,3,2,0.0737330019474
1645,68,251,5,2,2,0.00371500011533
1646,242,16,66,3,3,0.00842900015414
1647,151,90,54,3,2,0.0553320012987
1648,411,95,13,2,2,0.0223639998585
1649,336,127,12,3,2,0.0480910018086
1650,243,195,13,3,2,0.0473250001669
1651,248,223,17,3,3,0.0322659984231
1652,410,69,1,2,2,0.00125900004059
1653,323,278,5,2,2,0.019938999787
1654,303,253,7,2,3,0.0106060001999
1655,310,212,15,3,3,0.03402300179
1656,447,149,5,2,2,0.0145699996501
1657,307,82,19,3,3,0.0164139997214
1658,139,69,34,3,2,0.0253059994429
1659,49,413,17,2,2,0.014737999998
1660,152,196,3,2,2,0.00396799994633
1661,124,59,106,2,2,0.0334810018539
1662,33,152,138,2,2,0.0296010002494
1663,133,172,9,2,2,0.00912099983543
1664,333,256,1,3,3,0.00300100003369
1665,189,171,3,3,3,0.00339299999177
1666,183,65,78,3,2,0.0804470032454
1667,10,67,450,3,3,0.00951400026679
1668,295,403,8,2,2,0.0420049987733
1669,308,350,1,3,3,0.0037720000837
1670,371,337,6,3,3,0.0260979998857
1671,160,233,8,3,3,0.0103690000251
1672,444,199,1,3,2,0.00679200002924
1673,333,41,65,3,2,0.0685900002718
1674,210,298,12,3,3,0.0260680001229
1675,306,136,17,3,3,0.024849999696
1676,53,396,4,3,2,0.00636299978942
1677,157,62,55,2,3,0.0107370000333
1678,366,5,409,3,3,0.016719000414
1679,370,52,17,3,2,0.0246099997312
1680,405,288,1,2,2,0.00514299981296
1681,102,209,20,3,2,0.0323130004108
1682,445,163,2,3,3,0.00683700013906
1683,58,33,207,2,2,0.022683000192
1684,384,258,8,2,3,0.0175369996578
1685,45,240,92,3,2,0.0760719999671
1686,273,352,7,3,2,0.0527149997652
1687,412,271,8,3,2,0.0690430030227
1688,212,15,84,3,3,0.00936700031161
1689,85,342,8,3,3,0.00797700043768
1690,335,153,16,3,2,0.0630879998207
1691,79,115,58,3,2,0.0408109985292
1692,172,146,39,2,2,0.0435529984534
1693,164,324,4,2,3,0.00422099977732
1694,99,48,66,3,3,0.0134519999847
1695,340,126,21,2,2,0.0429919995368
1696,400,153,13,3,3,0.0277479998767
1697,51,244,74,2,2,0.0401440002024
1698,291,300,11,2,3,0.0189050007612
1699,76,286,3,2,2,0.00286399992183
1700,254,169,19,2,3,0.0163310002536
1701,371,319,7,2,2,0.0366039983928
1702,227,345,9,3,2,0.0630310028791
1703,64,252,54,2,3,0.016901999712
1704,294,372,3,2,3,0.00647500017658
1705,304,325,6,2,2,0.0258469991386
1706,281,199,5,3,3,0.0096899997443
1707,55,211,15,2,2,0.00755500001833
1708,276,324,3,3,2,0.0205569993705
1709,210,43,10,3,3,0.00310799991712
1710,195,72,60,2,2,0.0367680005729
1711,261,399,4,2,3,0.0105640003458
1712,90,209,30,3,3,0.0238019991666
1713,50,433,5,3,2,0.00821300037205
1714,439,61,13,2,2,0.0153109999374
1715,126,170,25,3,3,0.0184429995716
1716,301,64,2,2,3,0.000788000004832
1717,197,230,21,2,2,0.0420500002801
1718,24,389,65,2,2,0.0264720004052
1719,218,251,17,3,3,0.0319220013916
1720,153,362,4,2,3,0.0043819998391
1721,355,191,13,3,2,0.0761979967356
1722,86,233,33,2,3,0.013248000294
1723,446,419,1,2,3,0.00371300010011
1724,363,358,2,2,3,0.00508699985221
1725,83,342,34,2,3,0.0195259992033
1726,5,334,319,3,3,0.0113319996744
1727,438,410,3,2,3,0.0106419995427
1728,66,442,3,2,3,0.00172800000291
1729,242,28,144,2,2,0.043832000345
1730,172,202,13,2,2,0.0239969994873
1731,94,442,9,2,2,0.0180789995939
1732,373,237,3,2,3,0.00519100017846
1733,208,244,12,2,2,0.0266789998859
1734,33,207,85,2,3,0.011482000351
1735,243,161,23,2,2,0.0395860001445
1736,201,317,9,3,3,0.0198149997741
1737,320,95,3,3,2,0.00697899982333
1738,397,135,17,2,3,0.0179019998759
1739,49,388,42,3,3,0.02748000063
1740,224,43,89,2,2,0.0417499989271
1741,308,339,8,2,3,0.0165960006416
1742,214,184,18,2,3,0.0138240000233
1743,169,53,5,2,2,0.00194600003306
1744,54,231,33,2,2,0.0179650001228
1745,52,366,3,2,2,0.00251200003549
1746,334,225,2,3,2,0.0117809996009
1747,274,212,5,3,2,0.0221829991788
1748,206,346,4,2,2,0.0126949995756
1749,432,96,24,3,2,0.0758809968829
1750,384,211,4,3,3,0.0114869996905
1751,256,308,6,2,3,0.00947200041264
1752,260,201,11,3,3,0.0198420006782
1753,109,185,45,3,3,0.0314209982753
1754,100,186,46,2,3,0.0167260002345
1755,224,28,40,2,2,0.011366000399
1756,188,405,12,2,2,0.0423050001264
1757,308,127,9,3,3,0.0164679996669
1758,209,168,11,2,2,0.0220090001822
1759,404,407,4,3,3,0.0228489991277
1760,393,61,9,2,3,0.00427700020373
1761,420,226,10,3,2,0.0729219987988
1762,149,368,9,2,3,0.00997599959373
1763,236,354,7,2,2,0.0260070003569
1764,60,411,34,2,3,0.0164960008115
1765,448,176,7,2,3,0.0109710004181
1766,109,345,12,3,2,0.0345739983022
1767,127,387,18,2,2,0.0388760007918
1768,274,437,3,2,2,0.0158110000193
1769,299,416,1,3,3,0.0043959999457
1770,223,62,20,2,3,0.00552899995819
1771,190,3,24,3,3,0.000533999991603
1772,80,313,15,2,3,0.00748400017619
1773,213,349,2,2,2,0.00647799996659
1774,380,269,6,2,2,0.0267239995301
1775,61,402,19,2,3,0.00904699973762
1776,289,106,1,2,2,0.0018309999723
1777,407,170,5,3,2,0.0317899994552
1778,223,240,9,3,2,0.0376709997654
1779,276,13,119,2,3,0.0081789996475
1780,53,308,60,2,2,0.0422989986837
1781,87,8,1194,2,3,0.0197020005435
1782,254,285,13,3,2,0.0727569982409
1783,432,98,4,3,3,0.00578199978918
1784,251,391,5,3,3,0.0168590005487
1785,219,118,29,3,3,0.0258610006422
1786,88,323,10,2,2,0.0125019997358
1787,42,420,7,3,2,0.00913599971682
1788,298,121,1,2,2,0.00163700000849
1789,213,431,10,3,3,0.0323430001736
1790,357,150,2,3,3,0.00377400009893
1791,184,106,45,2,3,0.0174649991095
1792,78,44,169,3,2,0.0492670014501
1793,44,378,26,3,2,0.0318580009043
1794,336,124,7,2,2,0.012808999978
1795,84,419,17,2,2,0.0262630004436
1796,239,372,1,2,3,0.00179200002458
1797,406,221,2,2,2,0.0078940000385
1798,308,378,4,2,2,0.0205099992454
1799,409,46,7,2,2,0.00589400017634
1800,379,251,4,3,3,0.0130949998274
1801,86,70,52,2,2,0.013803999871
1802,119,403,13,2,3,0.0123469997197
1803,116,42,175,3,2,0.0697999969125
1804,196,264,5,2,2,0.0115550002083
1805,129,115,6,3,3,0.00311399996281
1806,258,204,9,2,3,0.00935100018978
1807,49,297,28,2,2,0.0174139998853
1808,156,200,10,2,3,0.00619299989194
1809,187,1,2606,3,2,0.000345000007655
1810,407,175,7,2,3,0.00998200010508
1811,329,186,13,3,2,0.0619239993393
1812,34,108,99,3,2,0.0338409990072
1813,313,68,12,2,3,0.00518300011754
1814,33,317,28,3,2,0.0219960007817
1815,321,444,7,2,3,0.0199469998479
1816,423,409,2,3,3,0.0122490003705
1817,28,131,138,3,3,0.0167679991573
1818,243,268,13,3,3,0.0292860008776
1819,74,269,34,2,2,0.0294850002974
1820,93,350,14,2,2,0.0197359994054
1821,350,13,73,3,3,0.014516999945
1822,15,384,123,2,3,0.0157699994743
1823,372,31,5,3,3,0.00199400004931
1824,376,63,18,3,2,0.0330899991095
1825,308,165,3,3,2,0.0119139999151
1826,431,255,2,3,3,0.00758100021631
1827,339,414,7,2,2,0.0427759997547
1828,333,213,10,3,2,0.0545680001378
1829,26,323,100,2,2,0.0456710010767
1830,119,152,12,3,3,0.00745799997821
1831,238,399,4,2,3,0.00745300017297
1832,192,178,21,2,2,0.0315909981728
1833,350,131,10,3,3,0.0157260000706
1834,353,132,15,2,2,0.0310169998556
1835,305,181,18,2,2,0.0430659987032
1836,244,194,21,2,3,0.0195899996907
1837,72,285,22,2,3,0.00889599975199
1838,96,348,5,2,2,0.00987899955362
1839,396,368,1,3,2,0.0149830002338
1840,151,262,3,2,2,0.00686000008136
1841,338,393,2,2,2,0.0115970000625
1842,94,314,21,3,3,0.0211820006371
1843,87,139,30,3,2,0.0282509997487
1844,50,208,55,3,3,0.0190130006522
1845,112,307,4,3,2,0.0104729998857
1846,160,18,236,2,2,0.0307780001312
1847,379,443,1,2,2,0.00744300009683
1848,129,69,20,3,2,0.0139370001853
1849,35,406,51,2,2,0.0359839983284
1850,315,388,5,2,2,0.0274160001427
1851,80,18,265,2,2,0.0173419993371
1852,275,401,7,2,2,0.0335280001163
1853,37,310,86,3,2,0.0741899982095
1854,107,45,104,2,3,0.0100959995762
1855,333,122,18,3,3,0.0251720007509
1856,128,427,15,2,3,0.016495000571
1857,318,35,85,3,3,0.0312419999391
1858,419,432,5,2,2,0.0394489988685
1859,339,246,8,2,3,0.0132379997522
1860,76,145,71,2,2,0.0345899984241
1861,111,341,4,2,3,0.00299199996516
1862,274,214,3,2,3,0.00343700009398
1863,201,273,5,2,3,0.00541900005192
1864,377,431,6,3,2,0.0840390026569
1865,34,428,49,3,2,0.052634999156
1866,124,136,17,2,2,0.0125919999555
1867,241,415,4,2,3,0.00785099994391
1868,234,249,16,2,3,0.0183780007064
1869,434,85,27,3,2,0.0776199996471
1870,44,421,19,3,3,0.0116720004007
1871,405,138,4,3,3,0.00793800037354
1872,369,394,3,2,3,0.00871500000358
1873,279,281,12,2,3,0.0185940004885
1874,17,17,1866,2,3,0.0127670001239
1875,54,150,47,3,3,0.0132649997249
1876,376,31,8,3,2,0.00700799981132
1877,276,261,13,2,2,0.0407459996641
1878,437,186,12,3,3,0.040231000632
1879,5,45,3539,2,2,0.028049999848
1880,176,38,44,2,3,0.00609700009227
1881,6,437,167,3,2,0.022920999676
1882,268,39,65,3,3,0.0236729998142
1883,174,89,62,3,3,0.0326760001481
1884,108,2,2999,3,2,0.0532360002398
1885,330,402,4,3,3,0.0207829996943
1886,102,91,89,3,3,0.037909001112
1887,184,255,10,2,2,0.0206080004573
1888,186,50,12,2,3,0.00228299992159
1889,100,194,18,3,3,0.0119599997997
1890,42,267,67,2,3,0.0148160001263
1891,115,274,28,2,2,0.038842998445
1892,180,17,28,2,2,0.00362799991854
1893,179,100,46,2,2,0.0358720012009
1894,71,223,10,3,2,0.012201000005
1895,72,309,13,3,2,0.0217679999769
1896,344,129,13,3,2,0.0520379990339
1897,386,445,5,3,2,0.0666320025921
1898,13,191,255,3,2,0.0459429994226
1899,364,74,28,2,3,0.0151869999245
1900,66,328,40,3,2,0.0699570029974
1901,275,192,1,3,2,0.00436600018293
1902,304,31,59,3,3,0.0188549999148
1903,9,260,187,3,2,0.0305410008878
1904,213,33,81,2,3,0.0113829998299
1905,334,188,14,3,2,0.0672520026565
1906,310,347,5,2,3,0.0107770003378
1907,362,163,3,3,2,0.0138600002974
1908,447,60,7,3,2,0.014124000445
1909,254,375,6,3,2,0.0441760011017
1910,216,223,9,3,2,0.0337850004435
1911,382,16,28,3,2,0.0117680002004
1912,197,327,5,2,3,0.00639799982309
1913,323,146,18,2,3,0.0169280003756
1914,276,248,9,2,3,0.0121860001236
1915,388,40,47,3,2,0.0537559986115
1916,154,76,2,2,2,0.00104700005613
1917,290,39,10,2,2,0.00486599979922
1918,233,181,23,3,2,0.0744820013642
1919,37,30,5,2,3,0.000142999997479
1920,228,162,8,3,2,0.0224629994482
1921,136,262,27,3,2,0.0730020031333
1922,169,403,4,3,2,0.0209509991109
1923,135,201,18,2,3,0.00964500010014
1924,326,262,1,2,3,0.00168700003996
1925,119,225,30,3,2,0.0625979974866
1926,446,303,1,2,2,0.00589899998158
1927,166,180,13,2,2,0.0170070007443
1928,302,328,1,2,2,0.00435299985111
1929,71,182,59,2,3,0.0154269998893
1930,185,348,15,2,2,0.0486770011485
1931,116,266,16,3,2,0.0373720005155
1932,428,426,3,2,2,0.0243129990995
1933,351,183,13,3,3,0.0290050003678
1934,429,365,2,2,2,0.0136420000345
1935,133,332,21,3,3,0.0317410007119
1936,185,249,5,2,2,0.0100880004466
1937,168,361,10,2,3,0.0119120003656
1938,262,126,9,2,2,0.0130430003628
1939,11,118,637,2,2,0.0400220006704
1940,284,173,11,3,3,0.0186369996518
1941,358,300,8,3,2,0.0657460018992
1942,301,286,9,3,2,0.0594200007617
1943,129,131,14,3,2,0.018098000437
1944,319,318,8,3,3,0.0283359996974
1945,258,263,1,3,3,0.00237099989317
1946,134,112,3,3,3,0.00159799994435
1947,21,149,206,2,2,0.0267159994692
1948,310,362,4,3,3,0.0155339995399
1949,416,269,6,2,3,0.0135449999943
1950,347,219,8,2,3,0.0121069997549
1951,17,229,169,2,2,0.0270000007004
1952,193,167,24,3,3,0.0266859997064
1953,368,154,4,3,2,0.0172770004719
1954,360,356,3,3,2,0.0369209982455
1955,176,154,18,3,3,0.0169830005616
1956,380,141,7,3,2,0.0289510004222
1957,90,113,72,2,2,0.0317910015583
1958,48,317,36,2,2,0.0242919996381
1959,354,366,5,2,2,0.0282920002937
1960,86,135,52,3,2,0.0465239994228
1961,259,215,14,3,3,0.0316849984229
1962,117,388,5,2,3,0.00451199989766
1963,426,392,3,2,3,0.00989800039679
1964,361,78,32,2,3,0.018092000857
1965,34,344,12,3,3,0.00472699990496
1966,392,438,2,2,3,0.00689700013027
1967,134,288,13,2,2,0.0219509992748
1968,72,410,8,3,3,0.00825699977577
1969,303,14,184,3,2,0.0526689998806
1970,383,42,57,2,2,0.0478850007057
1971,74,392,22,2,2,0.0278919991106
1972,365,14,42,2,2,0.00960000045598
1973,415,99,8,3,3,0.0116210002452
1974,412,291,5,2,3,0.011977000162
1975,60,325,20,2,3,0.00766400014982
1976,121,204,10,2,3,0.00479499995708
1977,337,338,8,2,2,0.0396800003946
1978,375,37,18,2,2,0.010714000091
1979,326,77,17,2,3,0.00866699963808
1980,26,198,15,2,2,0.00344199989922
1981,168,124,43,2,3,0.0217230003327
1982,303,58,31,2,2,0.031831998378
1983,122,243,24,2,3,0.014124000445
1984,321,417,7,2,3,0.0185899995267
1985,126,247,32,3,3,0.0344379991293
1986,170,95,20,2,3,0.00661200005561
1987,365,380,6,2,3,0.0167309995741
1988,17,89,422,3,2,0.0466599985957
1989,143,304,18,2,3,0.0154529996216
1990,42,321,56,3,2,0.0644479990005
1991,314,247,12,3,3,0.0319610014558
1992,23,432,44,3,2,0.0323490016162
1993,273,123,14,2,2,0.0203530006111
1994,197,127,1,2,3,0.000523000024259
1995,333,335,6,2,2,0.0295630004257
1996,269,261,14,3,3,0.0338619984686
1997,281,75,46,2,3,0.0202890001237
1998,55,171,105,2,3,0.0235619992018
1999,7,233,339,2,2,0.0207509994507
2000,385,194,2,3,3,0.0051299999468
2001,48,229,26,3,3,0.0100339995697
2002,396,161,4,3,3,0.00888300035149
2003,31,379,61,2,3,0.0136329997331
2004,327,301,6,3,2,0.046293001622
2005,408,389,3,3,2,0.0366659983993
2006,197,244,4,3,2,0.0147540001199
2007,236,397,5,2,3,0.0123300002888
2008,215,111,10,3,2,0.0244059991091
2009,440,138,13,2,3,0.016216000542
2010,197,322,9,2,3,0.01147400029
2011,82,165,65,2,3,0.0171639993787
2012,33,8,1569,3,2,0.0249039996415
2013,51,63,48,3,2,0.0118509996682
2014,334,55,13,3,2,0.018164999783
2015,347,204,1,3,2,0.00543700018898
2016,67,53,162,3,3,0.0192610006779
2017,191,303,8,3,3,0.015915999189
2018,69,439,26,3,3,0.0305480007082
2019,181,209,23,2,2,0.0407419987023
2020,353,260,4,2,2,0.0160390008241
2021,85,321,23,2,3,0.0123110003769
2022,35,195,18,3,3,0.00404000002891
2023,433,188,11,3,3,0.0307160001248
2024,306,384,5,2,3,0.0118089998141
2025,376,403,3,2,2,0.019828999415
2026,133,191,34,2,2,0.0372960008681
2027,265,280,13,2,3,0.023749999702
2028,363,421,2,3,2,0.0242609996349
2029,275,145,8,3,3,0.0112359998748
2030,404,150,4,3,3,0.0083720004186
2031,176,429,9,3,3,0.0233260001987
2032,386,52,26,3,2,0.0388370007277
2033,226,116,15,3,3,0.0135500002652
2034,401,62,21,2,2,0.0232900008559
2035,11,344,132,2,2,0.0200629997998
2036,97,255,39,2,2,0.0508089996874
2037,25,151,140,2,2,0.0221030004323
2038,304,415,5,3,3,0.0218020007014
2039,409,388,4,2,2,0.0278789997101
2040,14,366,135,3,3,0.0210009999573
2041,341,7,60,2,3,0.00268799997866
2042,142,157,13,2,3,0.00563600007445
2043,260,181,10,2,3,0.00925299990922
2044,64,138,66,3,3,0.0203740000725
2045,406,99,17,2,2,0.0361209996045
2046,57,1,4293,3,3,0.0279130004346
2047,351,422,1,2,2,0.00648699980229
2048,276,368,4,3,2,0.0311259999871
2049,154,246,15,3,2,0.0435369983315
2050,235,235,14,2,3,0.0153780002147
2051,389,23,26,2,2,0.00987500045449
2052,147,201,8,2,3,0.00471800006926
2053,48,18,392,3,3,0.0120310001075
2054,353,43,35,3,2,0.0488030016422
2055,135,37,100,2,3,0.00972600001842
2056,32,384,5,2,2,0.00270699989051
2057,360,361,5,3,2,0.0509670004249
2058,322,12,226,3,3,0.0311680007726
2059,253,342,6,2,2,0.0230139996856
2060,348,23,7,2,2,0.00244700000621
2061,376,297,3,2,2,0.0148889999837
2062,348,252,1,2,3,0.00178399996366
2063,421,74,13,2,3,0.00829899962991
2064,296,283,2,2,2,0.00733399996534
2065,162,357,12,3,3,0.0241240002215
2066,55,183,78,3,3,0.0273359995335
2067,168,393,15,3,2,0.0757120028138
2068,102,119,57,3,3,0.0237119998783
2069,371,38,52,2,2,0.0322510004044
2070,207,415,9,2,2,0.0335539989173
2071,420,39,57,3,3,0.0331970006227
2072,393,99,19,3,3,0.0262080002576
2073,142,147,45,3,3,0.0326739996672
2074,75,101,13,3,3,0.00338499993086
2075,234,137,22,3,3,0.0244229994714
2076,19,439,62,2,2,0.0217899996787
2077,436,8,152,3,2,0.0377769991755
2078,208,1,4514,3,2,0.000584999972489
2079,246,10,90,3,3,0.0072400001809
2080,331,423,7,3,2,0.0761549994349
2081,195,177,8,2,3,0.00557299982756
2082,138,79,79,2,2,0.0382089987397
2083,317,280,9,3,3,0.0280709993094
2084,241,320,1,2,2,0.00366299995221
2085,10,9,3194,2,2,0.0166040007025
2086,57,291,46,2,2,0.0332560017705
2087,407,144,14,2,2,0.036410998553
2088,121,42,65,3,3,0.0114799998701
2089,385,310,6,2,3,0.0140300001949
2090,355,83,3,3,3,0.00305499997921
2091,338,284,6,3,2,0.044291999191
2092,203,53,75,2,2,0.0349670015275
2093,93,14,127,2,2,0.00983399990946
2094,334,111,25,2,2,0.0402010008693
2095,199,280,15,3,3,0.0287950001657
2096,102,97,47,3,2,0.0353429988027
2097,85,436,20,3,2,0.0576350018382
2098,144,68,90,2,3,0.0177129991353
2099,130,257,9,2,2,0.0131500000134
2100,4,81,2554,3,3,0.0222510006279
2101,398,106,21,2,2,0.0387919992208
2102,198,205,5,3,3,0.00715500023216
2103,118,266,30,3,3,0.0325120016932
2104,126,437,9,3,3,0.017131999135
2105,28,152,89,2,3,0.00734099978581
2106,385,428,3,2,2,0.0219279993325
2107,105,431,19,3,2,0.0755510032177
2108,417,141,14,3,2,0.063210003078
2109,243,1,1354,2,2,0.0317520014942
2110,433,426,4,3,3,0.0255399998277
2111,80,117,77,3,3,0.024686999619
2112,301,120,12,2,2,0.0198710002005
2113,341,365,7,2,3,0.022594999522
2114,364,140,9,2,3,0.00925100035965
2115,392,362,2,3,2,0.0222159996629
2116,255,45,71,3,2,0.0622770003974
2117,351,437,6,2,2,0.0406760014594
2118,448,89,9,2,3,0.00721899978817
2119,246,300,12,2,2,0.0387049987912
2120,62,326,34,2,3,0.0137809999287
2121,326,339,7,3,3,0.026889000088
2122,357,355,4,3,2,0.0394489988685
2123,105,222,16,2,3,0.00750399986282
2124,447,248,5,2,2,0.0246149990708
2125,336,62,17,3,2,0.0265069995075
2126,134,127,42,2,2,0.0310570001602
2127,105,413,5,2,2,0.0128319999203
2128,141,350,1,2,3,0.00135599996429
2129,75,157,10,2,2,0.00511799985543
2130,14,160,326,3,3,0.0217550005764
2131,158,261,13,3,3,0.0187219996005
2132,252,255,8,3,2,0.0397100001574
2133,151,62,81,2,2,0.0333190001547
2134,104,165,16,3,2,0.0208989996463
2135,403,348,3,3,2,0.0326999984682
2136,407,157,13,2,3,0.0163189992309
2137,318,24,24,2,2,0.00814600009471
2138,349,312,6,2,3,0.0128220003098
2139,223,150,22,2,2,0.0322879999876
2140,137,113,52,2,2,0.0349249988794
2141,415,132,10,2,2,0.0239279996604
2142,448,114,8,3,2,0.0311740003526
2143,23,295,28,3,2,0.0164349991828
2144,366,179,7,2,3,0.0122889997438
2145,234,150,26,3,3,0.0319899991155
2146,33,45,22,3,3,0.00120499997865
2147,105,47,31,3,2,0.0117969997227
2148,125,382,11,3,2,0.0401850007474
2149,123,404,17,2,3,0.0166699998081
2150,57,400,25,2,3,0.011211999692
2151,102,110,30,2,3,0.00683700013906
2152,28,93,157,3,3,0.0139079997316
2153,66,66,35,2,3,0.00305599998683
2154,100,442,3,2,3,0.00258999993093
2155,413,165,1,2,3,0.00136700004805
2156,409,440,5,3,3,0.037050999701
2157,379,353,7,2,2,0.0406850017607
2158,58,140,57,2,3,0.00906599964947
2159,302,309,6,3,2,0.0438529998064
2160,202,382,3,3,3,0.00797099992633
2161,392,62,4,3,3,0.00328600010835
2162,267,445,7,3,2,0.0645169988275
2163,415,201,6,2,3,0.0132689997554
2164,139,100,17,3,3,0.00808800011873
2165,82,193,55,3,2,0.0661540031433
2166,31,284,50,3,3,0.0147420000285
2167,428,10,154,3,3,0.0212299991399
2168,347,215,7,3,3,0.0182249993086
2169,113,29,235,2,2,0.032634999603
2170,423,277,1,2,2,0.00515699991956
2171,266,242,6,2,3,0.00845200009644
2172,208,43,84,3,2,0.0618880018592
2173,301,203,4,2,2,0.0108179999515
2174,34,99,71,2,2,0.0105860000476
2175,224,362,3,2,2,0.010653000325
2176,158,244,24,3,3,0.0321590006351
2177,440,44,23,3,2,0.0332279987633
2178,232,12,40,2,2,0.00499999988824
2179,287,341,6,3,3,0.0202500000596
2180,226,140,6,3,2,0.0196850001812
2181,441,262,8,3,2,0.0716089978814
2182,419,372,1,3,2,0.0122760003433
2183,152,420,13,3,2,0.0634220018983
2184,350,439,5,2,3,0.0152329998091
2185,9,223,229,3,3,0.0162170007825
2186,109,55,68,2,3,0.00789699982852
2187,446,223,1,2,3,0.00273699988611
2188,59,276,19,2,3,0.00832100026309
2189,444,271,1,3,3,0.00418699998409
2190,131,395,4,3,2,0.0159319993109
2191,39,392,21,3,3,0.0112300002947
2192,83,422,11,2,3,0.00782999955118
2193,441,284,5,2,2,0.0278309993446
2194,42,215,91,3,2,0.0604600012302
2195,256,311,8,3,2,0.0497939996421
2196,170,317,15,3,2,0.0674140006304
2197,158,222,8,2,2,0.0123889995739
2198,207,110,42,3,3,0.033004000783
2199,66,29,198,2,2,0.0162259992212
2200,315,78,35,2,3,0.0170259997249
2201,96,344,4,2,2,0.00580700021237
2202,332,183,4,2,3,0.00479200016707
2203,266,86,18,2,3,0.00830100011081
2204,30,6,4673,3,3,0.0347089990973
2205,297,404,2,3,2,0.0211449991912
2206,361,5,284,3,2,0.0332689993083
2207,81,296,33,3,2,0.0601570010185
2208,225,433,8,2,2,0.0343529991806
2209,332,24,97,2,3,0.0155790001154
2210,419,43,33,3,3,0.0202220007777
2211,448,265,2,2,2,0.0103749996051
2212,236,400,6,3,2,0.0437449999154
2213,357,219,10,2,2,0.0344929993153
2214,159,278,6,2,3,0.00525599997491
2215,362,256,5,2,3,0.00918199960142
2216,403,443,3,3,3,0.0186160001904
2217,24,158,169,2,3,0.012972000055
2218,240,393,10,3,2,0.0812510028481
2219,418,31,43,2,3,0.0107760000974
2220,136,433,4,2,2,0.0104679996148
2221,225,167,22,2,2,0.0360140018165
2222,421,17,27,2,2,0.00827599968761
2223,213,57,37,2,2,0.0194600000978
2224,165,429,1,2,3,0.00142099999357
2225,376,326,4,2,2,0.0218260008842
2226,339,335,2,2,2,0.00990399997681
2227,90,93,73,2,2,0.0265280008316
2228,301,345,9,3,3,0.0404280014336
2229,5,5,35520,3,3,0.0171050000936
2230,52,76,174,2,3,0.0133069995791
2231,75,212,49,2,3,0.0156909991056
2232,367,58,44,3,3,0.032652001828
2233,211,239,6,2,2,0.0132339997217
2234,123,369,16,2,3,0.014303999953
2235,243,329,2,2,3,0.0031659998931
2236,148,117,17,2,2,0.0130289997905
2237,329,422,1,2,3,0.00280199991539
2238,96,314,17,2,2,0.0237460006028
2239,56,167,98,3,2,0.0731120035052
2240,249,161,15,2,2,0.0265050008893
2241,440,6,209,2,3,0.0119810001925
2242,185,409,9,2,3,0.0134560000151
2243,399,81,21,2,3,0.0136569999158
2244,260,386,7,3,3,0.0242010001093
2245,355,233,11,2,3,0.0182390008122
2246,334,261,2,3,3,0.00614799978212
2247,194,22,189,3,2,0.0646089985967
2248,13,184,390,3,3,0.0300569999963
2249,118,245,8,2,3,0.00452899979427
2250,158,203,11,2,2,0.0154799995944
2251,440,303,3,2,2,0.0177570004016
2252,331,338,4,3,2,0.0347900018096
2253,94,75,117,3,2,0.0687320008874
2254,435,216,1,2,2,0.00421900022775
2255,144,368,3,3,2,0.0123159997165
2256,329,271,1,3,3,0.0031340001151
2257,124,401,14,3,3,0.0240589994937
2258,412,59,11,2,2,0.0116729997098
2259,13,266,79,2,2,0.0113599998876
2260,347,175,7,2,2,0.0185749996454
2261,435,214,6,2,2,0.0243999995291
2262,323,207,2,2,2,0.00583000015467
2263,42,21,450,3,2,0.0288449991494
2264,159,113,15,3,2,0.0281530003995
2265,435,106,18,2,2,0.0365150012076
2266,193,108,41,3,2,0.0653349980712
2267,416,383,6,2,3,0.0192169994116
2268,298,226,12,2,3,0.0157990008593
2269,403,76,23,2,3,0.0137379998341
2270,169,206,15,2,3,0.0104630002752
2271,253,255,14,3,3,0.0315270014107
2272,235,127,32,2,3,0.0187470000237
2273,117,123,52,3,3,0.0262299999595
2274,347,42,15,3,2,0.0162070002407
2275,316,448,2,2,3,0.00554399983957
2276,59,63,170,3,3,0.0217029992491
2277,436,219,7,2,3,0.0131390001625
2278,99,75,39,2,2,0.0124679999426
2279,364,58,45,2,3,0.0187979992479
2280,123,298,18,3,2,0.060311999172
2281,375,398,2,3,2,0.0230340007693
2282,155,322,13,2,3,0.0128130000085
2283,135,10,219,2,3,0.00560100004077
2284,110,397,22,3,3,0.0329409986734
2285,327,360,5,2,3,0.0116760004312
2286,4,241,311,2,3,0.00447200005874
2287,57,29,8,3,3,0.000461999996332
2288,321,135,22,2,2,0.0412640012801
2289,384,373,4,3,3,0.0234280005097
2290,404,291,8,3,2,0.0840490013361
2291,206,382,5,2,3,0.00791400019079
2292,315,406,5,3,3,0.0223529990762
2293,396,429,3,2,2,0.0226099994034
2294,63,106,72,3,3,0.0167309995741
2295,141,233,18,2,2,0.0257360003889
2296,443,286,2,3,3,0.00871500000358
2297,164,275,19,3,3,0.0297379996628
2298,9,86,1192,2,2,0.0409969985485
2299,307,373,3,2,2,0.0151840001345
2300,176,151,31,2,2,0.0360549986362
2301,95,320,22,3,2,0.0518679991364
2302,2,283,1285,3,3,0.037909001112
2303,336,132,19,3,3,0.0306700002402
2304,398,129,12,2,3,0.0164180006832
2305,261,425,1,3,3,0.00384299992584
2306,199,363,6,2,2,0.0188379995525
2307,14,56,246,2,3,0.00424299994484
2308,11,119,19,2,2,0.00104799994733
2309,441,374,2,2,3,0.0066320002079
2310,310,346,5,3,3,0.018662000075
2311,283,167,11,3,2,0.0403090007603
2312,235,418,10,2,2,0.0427130013704
2313,57,227,36,2,2,0.020107999444
2314,316,153,4,2,2,0.0115099996328
2315,106,185,33,3,2,0.0508150011301
2316,248,242,2,2,3,0.00240000011399
2317,155,176,6,3,3,0.00560599984601
2318,357,374,6,3,2,0.0622100010514
2319,119,293,6,3,3,0.00717699993402
2320,235,364,2,3,3,0.00596200022846
2321,410,442,3,3,3,0.0191440004855
2322,226,297,14,2,2,0.0409389995039
2323,400,73,6,3,2,0.0135150002316
2324,186,70,31,2,2,0.0177480001003
2325,413,93,15,3,2,0.0445449985564
2326,237,384,3,3,3,0.00953599996865
2327,9,266,146,2,2,0.0136719997972
2328,357,146,16,3,2,0.0636179968715
2329,123,286,26,3,3,0.0390219986439
2330,108,262,32,2,2,0.0402150005102
2331,217,137,7,3,2,0.0160109996796
2332,106,209,3,3,3,0.00229400000535
2333,369,287,1,2,3,0.00212400010787
2334,341,78,4,3,3,0.00372299994342
2335,76,297,36,2,2,0.0356650017202
2336,331,395,2,3,3,0.00914799980819
2337,295,275,2,3,3,0.00558099988848
2338,308,148,1,3,3,0.00163399998564
2339,361,179,11,3,2,0.06312199682
2340,338,41,43,3,3,0.0199139993638
2341,443,213,7,3,2,0.051306001842
2342,387,294,4,2,2,0.0201910007745
2343,87,99,22,3,2,0.0145600000396
2344,126,412,15,2,3,0.0153170004487
2345,389,84,1,3,2,0.0025190000888
2346,246,101,2,3,3,0.00171500002034
2347,305,235,5,2,2,0.0156049998477
2348,128,336,2,3,2,0.00682500004768
2349,390,120,4,3,2,0.0190200004727
2350,378,8,196,3,3,0.0162230003625
2351,28,79,206,2,2,0.0197790004313
2352,427,417,4,2,2,0.0310069993138
2353,188,392,9,2,3,0.0131700001657
2354,331,169,14,2,3,0.0154269998893
2355,339,246,10,2,3,0.0164199993014
2356,274,260,3,3,3,0.00739300018176
2357,142,40,174,3,2,0.0802489966154
2358,416,223,3,3,3,0.00972600001842
2359,439,370,6,3,2,0.0754209980369
2360,293,270,2,2,2,0.00696999998763
2361,137,418,11,2,3,0.0125500001013
2362,428,208,10,2,2,0.0391889996827
2363,305,113,2,3,2,0.00534400017932
2364,80,212,11,2,3,0.0037579999771
2365,210,237,9,3,2,0.0424080006778
2366,412,407,5,3,3,0.0291549991816
2367,10,263,98,2,3,0.00462700007483
2368,249,358,3,3,2,0.0205819997936
2369,340,32,25,3,3,0.00907600019127
2370,353,188,14,2,2,0.0411860011518
2371,330,436,6,2,3,0.0169469993562
2372,379,228,4,2,3,0.00681200018153
2373,39,146,123,2,2,0.0301070008427
2374,441,359,3,3,2,0.0444700010121
2375,398,415,4,2,2,0.0287909992039
2376,354,223,10,2,3,0.0154839996248
2377,396,272,7,2,3,0.0149990003556
2378,306,59,18,2,3,0.00670399982482
2379,87,133,43,2,2,0.0214220006019
2380,64,302,18,3,3,0.0119639998302
2381,376,139,19,3,3,0.034825000912
2382,71,191,66,3,3,0.0345119982958
2383,437,58,26,2,2,0.0298319999129
2384,41,251,80,2,2,0.0356089994311
2385,194,241,19,3,2,0.0678460001945
2386,207,370,9,2,2,0.029986999929
2387,241,202,11,2,3,0.0105499997735
2388,417,298,2,3,2,0.0197449997067
2389,11,206,227,2,2,0.025346999988
2390,174,119,43,2,3,0.0180360004306
2391,266,146,7,2,3,0.00539600010961
2392,419,241,9,3,3,0.0312720015645
2393,203,362,3,3,3,0.00761900003999
2394,276,227,10,2,3,0.0126250004396
2395,382,381,4,2,2,0.0258280001581
2396,103,219,23,3,3,0.0179650001228
2397,173,62,93,3,2,0.083414003253
2398,313,349,8,2,2,0.0379239991307
2399,12,229,363,3,2,0.0654129981995
2400,219,361,9,3,2,0.0552200004458
2401,429,151,8,2,3,0.0102490000427
2402,19,40,1209,3,2,0.073772996664
2403,176,400,14,3,3,0.0341329984367
2404,103,284,15,2,2,0.0191740002483
2405,179,45,97,3,3,0.0272380001843
2406,182,145,14,2,2,0.0160859990865
2407,395,350,5,2,3,0.0139149995521
2408,306,270,12,2,2,0.0450050011277
2409,387,154,12,3,3,0.0293099991977
2410,184,401,5,2,2,0.0161029994488
2411,370,100,11,3,2,0.0311099998653
2412,262,15,247,3,2,0.070662997663
2413,107,269,27,3,2,0.0594299994409
2414,400,422,3,2,3,0.0100299995393
2415,238,144,2,3,2,0.00521600013599
2416,130,428,10,2,3,0.0111020002514
2417,326,316,7,3,3,0.0252160001546
2418,177,4,714,3,2,0.0211009997874
2419,165,423,7,2,2,0.0215499997139
2420,78,39,241,2,3,0.0146390004084
2421,203,48,69,2,2,0.0294550005347
2422,345,33,25,2,2,0.0124059999362
2423,261,302,8,3,2,0.0567650012672
2424,292,346,1,2,3,0.00203699991107
2425,110,14,566,2,2,0.0393389984965
2426,318,44,42,3,3,0.0196870006621
2427,87,160,59,3,3,0.0289840009063
2428,40,88,57,2,3,0.00385500001721
2429,158,270,14,3,3,0.0204799994826
2430,36,271,98,3,2,0.0773819983006
2431,33,61,52,3,3,0.00368599989451
2432,403,389,4,2,2,0.0277430005372
2433,397,51,29,2,3,0.0116360001266
2434,306,109,29,3,3,0.0335949994624
2435,26,409,33,3,3,0.0114989997819
2436,111,282,13,3,3,0.0143339997157
2437,337,370,6,3,3,0.0258269999176
2438,126,260,14,3,3,0.0159680005163
2439,75,187,55,3,2,0.0683540031314
2440,61,429,12,2,3,0.00609599985182
2441,156,226,14,3,3,0.0174300000072
2442,166,434,2,3,3,0.00495300022885
2443,113,213,3,3,3,0.00254400004633
2444,283,433,7,2,2,0.0379099994898
2445,252,305,9,3,3,0.0240240003914
2446,152,64,45,2,2,0.0192450005561
2447,296,255,3,2,3,0.0044530001469
2448,434,365,3,2,2,0.0211989991367
2449,3,21,11914,2,3,0.022152999416
2450,260,284,1,3,3,0.00258499989286
2451,372,392,2,2,3,0.00583600020036
2452,285,32,67,2,2,0.0273579992354
2453,301,357,7,3,2,0.0579200014472
2454,313,436,2,2,2,0.0120050003752
2455,299,212,2,2,3,0.00251000002027
2456,228,184,10,3,3,0.0145220002159
2457,314,379,1,2,3,0.00239900010638
2458,223,33,79,3,3,0.0204680003226
2459,8,264,453,3,2,0.0645850002766
2460,428,342,1,3,3,0.00511500006542
2461,264,43,22,2,2,0.0108580002561
2462,241,327,1,3,2,0.00619800016284
2463,58,208,21,2,2,0.0111159998924
2464,50,174,29,2,2,0.0110609997064
2465,438,293,3,2,3,0.00760600017384
2466,292,199,9,2,3,0.0103089995682
2467,125,237,13,3,3,0.0131879998371
2468,267,444,6,3,3,0.0251189991832
2469,235,128,28,3,2,0.0733470022678
2470,16,338,121,2,2,0.028823999688
2471,106,133,39,3,3,0.0188129991293
2472,181,360,4,3,2,0.020386999473
2473,269,177,17,3,3,0.0283059999347
2474,177,74,17,3,3,0.00768599985167
2475,3,121,1238,3,3,0.0157120004296
2476,39,126,41,3,3,0.00719300005585
2477,7,239,344,2,2,0.0219570007175
2478,406,82,3,3,3,0.00466000009328
2479,161,164,18,2,3,0.0112340003252
2480,197,222,2,3,2,0.00680299988016
2481,65,117,89,2,3,0.0138240000233
2482,414,344,4,3,2,0.043694999069
2483,271,248,3,2,2,0.00885900016874
2484,179,192,9,2,3,0.00614799978212
2485,3,224,832,3,2,0.0290939994156
2486,35,16,404,3,2,0.0152129996568
2487,93,379,15,3,3,0.0184840001166
2488,155,163,5,2,2,0.00544499978423
2489,130,312,18,2,2,0.0390990003943
2490,128,415,3,2,2,0.00712400022894
2491,409,129,3,3,2,0.0123340003192
2492,62,134,110,2,2,0.0406650006771
2493,350,4,254,3,2,0.0148280002177
2494,444,198,3,3,3,0.00931399967521
2495,92,344,27,3,2,0.0643810033798
2496,233,355,10,2,3,0.0164960008115
2497,87,134,72,3,2,0.0690800026059
2498,107,373,4,2,3,0.00319000007585
2499,367,218,12,2,3,0.0189379993826
