,input_size_h,input_size_w,channels,filter_count,filter_size,stride,runtime
0,562,20,900,85,4,2,3.5825779438
1,33,53,8,3,2,1,0.00231499993242
2,33,53,13,20,10,1,0.0750389993191
3,13,33,5,85,8,1,0.00828799977899
4,13,53,5,85,10,1,0.0142620000988
5,53,53,53,13,4,2,0.0263010002673
6,13,219,562,900,6,2,6.93329715729
7,20,13,351,33,4,2,0.0234919991344
8,5,351,1441,1441,4,2,8.68253803253
9,137,53,562,53,8,2,3.90749406815
10,33,3,13,3,2,2,0.000138999996125
11,53,137,1441,33,4,1,9.02431964874
12,85,13,562,3,6,1,0.629378974438
13,33,13,137,8,6,2,0.0161899998784
14,53,33,8,1441,8,1,0.73604798317
15,219,53,351,900,8,1,136.441360474
16,562,33,137,53,2,1,0.711993992329
17,137,562,900,219,6,2,103.917686462
18,562,53,8,351,6,1,2.42172908783
19,351,5,33,5,4,1,0.0304320007563
20,219,562,13,85,8,2,2.26346302032
21,8,351,53,85,4,1,0.197033002973
22,5,5,562,351,2,2,0.0323980003595
23,219,562,562,562,10,2,631.77166748
24,53,13,20,53,10,1,0.0396240018308
25,219,219,85,20,10,1,17.3728523254
26,351,13,1441,1441,8,1,240.519699097
27,33,33,13,8,8,2,0.00662299990654
28,33,137,900,8,6,1,4.998005867
29,137,20,562,562,6,2,5.08671808243
30,351,137,3,562,4,2,0.485148996115
31,53,33,85,33,10,2,0.16271199286
32,8,20,85,219,4,1,0.0433630011976
33,85,562,33,85,6,2,1.24128496647
34,13,137,8,562,2,2,0.0147540001199
35,20,351,20,53,2,1,0.0505400002003
36,13,53,137,351,2,1,0.100882999599
37,13,562,13,1441,10,1,4.27435207367
38,53,85,53,562,4,1,1.53890800476
39,85,3,137,219,2,2,0.00906699988991
40,5,562,3,8,2,2,0.00054400000954
41,53,8,8,351,4,2,0.00637699989602
42,351,219,219,33,6,1,32.7023658752
43,33,85,219,85,8,2,0.727129995823
44,20,137,351,351,10,1,15.3608999252
45,13,53,5,85,8,1,0.0130660003051
46,5,137,85,8,4,2,0.00763900019228
47,8,137,5,562,6,1,0.0621300004423
48,53,351,351,20,8,2,4.28634119034
49,3,33,137,13,2,1,0.00203100009821
50,137,137,900,53,8,2,16.9661808014
51,85,13,219,137,10,2,0.405001014471
52,5,562,137,219,4,1,0.864346981049
53,219,137,351,1441,8,1,586.680297852
54,219,33,1441,219,2,2,1.76939094067
55,137,562,900,900,2,2,41.4163780212
56,13,53,33,13,6,1,0.0270700007677
57,137,13,20,85,4,2,0.0140589997172
58,85,53,562,1441,6,2,20.4909133911
59,13,13,219,3,6,1,0.0304450001568
60,562,53,562,351,6,2,35.947479248
61,562,53,562,85,10,1,124.931495667
62,137,351,137,8,4,1,4.03287220001
63,3,13,900,33,2,2,0.00630400003865
64,219,562,219,562,8,2,159.989974976
65,33,85,5,219,2,2,0.00831300020218
66,13,351,3,13,6,2,0.0048830001615
67,85,219,20,562,4,1,2.64446806908
68,53,85,900,8,4,2,0.608714997768
69,562,137,5,3,6,1,0.50240701437
70,20,351,137,351,10,2,4.34849691391
71,351,53,13,13,4,1,0.176181003451
72,85,137,3,5,10,2,0.0320309996605
73,53,137,1441,137,10,2,26.372177124
74,562,562,562,562,8,2,
75,5,562,219,53,2,2,0.0368289984763
76,562,20,33,8,2,1,0.0587569996715
77,562,33,219,219,4,1,10.8176279068
78,137,562,3,20,4,2,0.0562979988754
79,85,351,137,85,2,1,1.50194096565
80,5,53,219,13,2,1,0.00845899991691
81,13,13,351,562,8,1,1.0140529871
82,53,13,562,5,10,1,0.575550973415
83,85,33,5,137,8,2,0.0271039996296
84,53,8,137,900,4,2,0.207417994738
85,137,13,20,137,2,2,0.006403000094
86,20,562,20,219,6,2,0.335711985826
87,13,13,1441,8,4,1,0.130007997155
88,13,137,33,900,8,1,1.41270697117
89,53,137,900,13,10,2,5.84984302521
90,351,85,13,1441,2,2,0.781971991062
91,8,33,20,219,6,2,0.0113629996777
92,85,20,1441,20,4,1,1.705327034
93,85,85,53,900,6,1,7.85012817383
94,53,5,8,5,2,1,0.00042399999802
95,85,53,8,900,6,2,0.224375993013
96,3,53,13,53,2,1,0.000768999976572
97,13,85,900,219,8,1,6.75240087509
98,85,53,900,562,4,2,6.23256111145
99,351,20,137,219,4,1,2.57778596878
100,53,85,20,5,6,2,0.0301520004869
101,53,351,33,900,2,1,1.99568200111
102,562,85,562,5,10,2,23.2020721436
103,351,219,1441,13,10,1,449.980316162
104,8,351,3,20,2,2,0.00101300003007
105,20,20,33,562,6,2,0.0649819970131
106,351,137,8,219,4,2,0.368396997452
107,13,5,1441,53,2,1,0.0268389992416
108,53,351,219,85,2,1,1.47740602493
109,20,219,8,219,4,2,0.0338389985263
110,137,137,53,219,4,1,2.82111692429
111,53,562,8,33,6,2,0.124875001609
112,53,53,33,562,4,1,0.623292028904
113,33,20,13,1441,10,2,0.204586997628
114,351,8,33,5,4,2,0.0155100002885
115,137,351,562,5,10,1,95.3910217285
116,219,53,562,33,2,1,1.43658804893
117,562,219,219,33,4,2,5.97126293182
118,219,562,3,3,10,1,1.30311703682
119,33,3,1441,562,2,2,0.166203007102
120,219,8,20,20,2,1,0.00723400013521
121,8,562,219,8,2,1,0.136837005615
122,53,33,13,8,10,2,0.0152230001986
123,33,562,562,53,8,1,37.9265594482
124,20,85,3,351,6,1,0.0578339993954
125,562,13,8,33,2,2,0.00531500019133
126,219,85,1441,20,4,1,19.3796329498
127,13,20,33,137,6,2,0.0125040002167
128,562,13,3,562,10,1,0.462704986334
129,8,85,562,53,2,2,0.0289179999381
130,5,53,53,8,2,1,0.0019640000537
131,20,33,85,137,2,2,0.00926300045103
132,13,219,53,20,2,1,0.0295540001243
133,85,562,351,8,4,1,10.1390752792
134,53,53,33,8,10,1,0.271663993597
135,351,53,85,3,8,1,3.30388402939
136,85,137,1441,13,10,2,15.8839635849
137,33,137,900,219,6,2,5.77073001862
138,33,33,219,20,8,1,0.539948999882
139,13,219,33,5,6,1,0.100628003478
140,137,137,5,33,2,2,0.0114259999245
141,351,351,137,85,8,2,23.0098876953
142,351,137,13,351,8,1,10.1385650635
143,85,137,900,5,4,2,1.57199501991
144,137,3,1441,137,2,1,0.219634994864
145,33,5,219,33,2,2,0.00279600010253
146,137,562,20,3,6,2,0.49806201458
147,351,33,53,33,8,2,0.478011995554
148,5,5,13,33,2,2,0.000180000002729
149,20,85,5,5,10,1,0.0213079992682
150,137,137,351,33,8,1,21.6540527344
151,13,137,351,137,6,2,0.584779977798
152,137,5,1441,20,4,1,0.593653023243
153,53,33,13,1441,4,1,0.406228989363
154,8,562,137,351,2,2,0.181457996368
155,8,351,53,1441,6,1,3.25237488747
156,20,137,900,900,2,2,1.59103405476
157,219,351,20,3,2,2,0.0599419996142
158,219,33,562,85,8,2,4.80384683609
159,351,562,900,13,8,1,
160,13,85,85,20,10,1,0.186496004462
161,562,85,137,219,2,2,1.20274400711
162,33,351,13,900,8,2,1.31671500206
163,8,562,900,1441,4,2,15.6522598267
164,219,13,85,562,4,2,0.381440013647
165,351,33,53,13,4,2,0.107280001044
166,85,351,900,33,6,1,51.0632743835
167,20,137,900,5,10,1,5.82061910629
168,219,137,3,219,6,2,0.192866995931
169,219,562,13,85,6,1,5.25933599472
170,562,562,53,8,4,2,2.60956907272
171,137,219,900,5,2,2,1.02831602097
172,351,13,33,219,4,1,0.42093500495
173,3,33,562,53,2,2,0.00733399996534
174,53,5,85,53,4,1,0.0219049993902
175,33,562,137,5,8,1,5.2034201622
176,53,20,53,5,10,1,0.124015003443
177,351,219,20,20,6,2,0.634536027908
178,137,219,562,1441,6,1,542.653564453
179,219,562,85,5,4,1,6.34388208389
180,53,20,85,85,8,1,0.358534008265
181,33,85,5,53,8,1,0.0560339987278
182,351,562,20,137,10,2,11.6632356644
183,562,85,900,3,6,2,13.7204475403
184,53,85,5,900,10,2,0.305193990469
185,5,85,53,20,4,1,0.0138860000297
186,20,13,900,3,2,2,0.00847299955785
187,562,562,5,20,10,1,7.2547659874
188,85,5,137,351,2,2,0.0183760002255
189,562,85,3,3,8,1,0.320690006018
190,33,351,20,85,6,2,0.177380993962
191,137,85,53,1441,4,2,2.43754005432
192,20,562,351,8,6,2,1.25381696224
193,20,13,351,8,6,1,0.0849810019135
194,85,13,1441,351,4,1,6.03345918655
195,351,20,219,13,2,1,0.259905010462
196,53,13,219,20,8,1,0.250221014023
197,53,219,562,5,8,1,14.0507745743
198,20,351,33,53,8,2,0.205862998962
199,219,33,351,351,2,1,2.5931429863
200,85,13,3,8,2,2,0.000302000000374
201,53,13,5,8,2,2,0.000268000003416
202,562,20,33,33,6,2,0.174448996782
203,137,85,900,33,8,1,33.4969749451
204,13,5,85,20,4,1,0.00378999998793
205,20,351,3,13,10,2,0.017874000594
206,20,53,5,137,6,2,0.00687800021842
207,351,219,562,85,4,1,60.0835571289
208,20,562,53,53,10,1,2.60475611687
209,53,53,53,5,4,2,0.0230659991503
210,562,20,20,351,8,1,2.83734989166
211,562,20,5,20,2,2,0.00486700003967
212,562,562,53,3,8,2,9.69143676758
213,219,20,8,33,10,2,0.0357349999249
214,351,3,5,3,2,2,0.000266999995802
215,562,8,85,5,6,1,0.333667010069
216,137,562,137,900,2,2,6.88991212845
217,20,5,13,351,2,1,0.00274899997748
218,219,53,33,33,4,1,0.349781006575
219,20,219,8,351,4,2,0.0508340001106
220,351,219,8,13,2,2,0.0356750003994
221,137,137,85,3,8,2,0.871352016926
222,5,33,562,900,2,2,0.119566999376
223,562,137,900,3,8,2,38.7967376709
224,137,85,5,13,6,2,0.0245500002056
225,351,53,3,219,6,1,0.461888998747
226,562,562,137,53,6,1,104.484283447
227,562,13,137,85,10,1,4.06291913986
228,53,137,900,3,6,1,7.96953201294
229,53,5,219,137,2,1,0.0274049993604
230,137,33,900,33,2,1,0.876603007317
231,8,33,137,1441,6,1,0.959710001945
232,5,53,137,8,2,1,0.00475399987772
233,13,13,351,13,4,2,0.0111400000751
234,85,20,1441,33,6,2,1.10246503353
235,137,33,13,562,8,1,1.26222896576
236,13,20,20,33,4,2,0.0015419999836
237,137,53,33,351,4,2,0.273189008236
238,85,137,53,13,2,1,0.111915998161
239,219,219,5,53,4,1,0.371538996696
240,13,53,3,219,4,2,0.00287199998274
241,351,137,137,53,10,2,10.4573059082
242,8,5,562,13,4,2,0.008998000063
243,33,351,351,53,6,1,8.91063690186
244,33,85,85,137,2,1,0.126720994711
245,53,219,13,5,6,1,0.197945997119
246,13,3,137,562,2,1,0.014801999554
247,85,20,5,53,6,1,0.0212999992073
248,53,53,219,8,2,1,0.0946210026741
249,33,53,219,33,4,1,0.350035995245
250,137,8,33,351,2,2,0.014688000083
251,20,53,900,1441,4,1,14.0149803162
252,5,137,13,33,2,1,0.00238499999978
253,85,33,137,85,8,2,0.45601400733
254,53,13,562,8,4,1,0.216491997242
255,562,562,20,1441,2,2,10.0245485306
256,53,137,53,13,8,2,0.237865000963
257,219,53,3,137,4,1,0.126274004579
258,13,5,3,13,4,2,0.00014600000577
259,20,13,562,5,4,1,0.0768830031157
260,13,351,13,13,8,1,0.119469001889
261,13,3,900,3,2,2,0.00201799999923
262,13,13,33,900,2,1,0.0191859994084
263,13,219,8,351,2,2,0.0149389998987
264,137,351,3,900,8,2,1.64037501812
265,562,33,351,3,10,1,18.518239975
266,562,85,85,219,6,2,6.07450199127
267,13,219,137,900,4,1,3.52003407478
268,562,85,53,900,8,2,22.8093624115
269,137,562,137,8,2,1,1.63192200661
270,8,5,900,13,4,1,0.0275010000914
271,85,562,351,900,2,2,10.2058620453
272,53,351,53,85,2,1,0.392690002918
273,351,85,5,13,2,2,0.0102430004627
274,85,53,137,20,8,2,0.393624991179
275,53,562,53,900,6,2,8.13940811157
276,351,137,13,13,8,1,1.68323302269
277,13,219,351,1441,2,2,0.967226028442
278,562,33,137,1441,10,1,183.976272583
279,8,85,1441,13,2,2,0.0434149987996
280,33,13,8,3,2,1,0.000614000018686
281,351,53,5,20,6,2,0.0410589985549
282,8,20,3,351,4,1,0.00410200003535
283,351,219,85,137,2,1,3.51810598373
284,351,8,219,562,2,2,0.283717989922
285,137,8,53,562,2,2,0.0318479984999
286,13,137,53,5,10,1,0.159042999148
287,137,137,13,53,4,2,0.0755370035768
288,562,137,53,1441,10,1,353.927734375
289,85,20,900,13,2,1,0.250784993172
290,562,13,13,20,8,1,0.175717994571
291,8,8,85,351,6,2,0.0468290001154
292,562,53,137,8,4,2,0.628261983395
293,5,13,351,137,2,2,0.00732500012964
294,33,85,3,219,2,1,0.0299949999899
295,33,53,1441,53,10,1,11.8744421005
296,85,562,137,53,10,2,10.1409759521
297,85,85,85,13,6,2,0.225750997663
298,137,85,562,562,8,2,36.5075874329
299,13,562,562,5,6,2,1.09114694595
300,562,13,13,53,8,1,0.283270001411
301,219,13,900,137,10,1,13.9765348434
302,351,13,20,219,4,1,0.268992990255
303,85,3,5,13,2,1,0.000338000012562
304,351,562,13,900,2,1,8.89485645294
305,137,33,20,351,10,1,1.76031804085
306,20,3,8,53,2,2,0.000199000001885
307,53,13,5,85,4,1,0.00657700002193
308,13,137,85,20,10,2,0.0809800028801
309,351,13,219,33,10,2,0.64900302887
310,562,13,85,900,2,1,1.57932496071
311,8,85,20,33,4,1,0.0120529998094
312,137,33,20,219,8,1,0.85620701313
313,137,13,85,5,2,1,0.023979999125
314,85,562,53,85,4,2,0.911715984344
315,85,137,20,562,2,1,0.594757020473
316,562,351,562,1441,2,2,104.819862366
317,5,53,13,900,4,2,0.0158600006253
318,3,5,562,900,2,1,0.0865100026131
319,53,20,351,13,4,1,0.261489003897
320,562,219,20,219,10,2,10.1853151321
321,351,20,5,219,10,2,0.117158003151
322,351,5,8,33,4,2,0.00317199993879
323,33,351,20,562,6,1,3.0762090683
324,562,219,137,33,6,1,33.1838607788
325,20,219,900,8,8,2,1.9185949564
326,33,562,900,53,4,2,4.41818284988
327,562,351,85,53,10,2,27.5638027191
328,137,219,900,351,6,1,236.971878052
329,562,351,33,5,10,2,6.0500998497
330,219,562,13,3,2,1,0.245551005006
331,562,13,219,900,8,2,9.54525756836
332,562,8,5,1441,2,2,0.0868870019913
333,33,53,1441,8,8,1,4.83085823059
334,13,562,53,137,10,2,0.561262011528
335,53,53,3,20,10,1,0.033385001123
336,219,20,53,20,2,2,0.0127550000325
337,351,8,85,13,6,1,0.232574000955
338,33,137,900,137,8,2,6.5944647789
339,8,33,219,13,4,2,0.0118450000882
340,33,351,351,53,4,1,4.25864696503
341,33,5,3,33,4,2,0.000270999997156
342,85,53,1441,351,6,1,54.2624816895
343,53,137,1441,562,8,1,223.104476929
344,85,562,33,8,6,1,2.0992770195
345,85,85,351,85,2,1,0.891035020351
346,20,85,900,900,10,2,17.3998851776
347,351,3,3,33,2,1,0.00142999994569
348,351,137,13,351,10,2,3.84418201447
349,85,85,13,13,4,2,0.018565999344
350,137,137,1441,20,8,1,73.3428726196
351,219,20,219,351,8,1,11.4797086716
352,13,137,137,13,4,2,0.0405230000615
353,351,53,351,562,2,2,2.55542993546
354,85,85,85,3,10,2,0.476649999619
355,85,33,562,13,10,2,1.25665605068
356,13,5,53,33,2,2,0.000419999996666
357,351,5,219,8,2,2,0.012377999723
358,137,8,562,5,2,1,0.0836260020733
359,5,53,351,85,4,1,0.118956997991
360,20,13,33,85,2,1,0.00372099992819
361,85,33,20,33,8,2,0.0422599986196
362,351,137,8,13,2,2,0.0224479995668
363,351,562,53,1441,6,2,88.0934066772
364,5,137,3,562,4,1,0.023028999567
365,33,351,13,3,6,2,0.0478210002184
366,8,20,13,13,6,1,0.00215200008824
367,3,562,137,8,2,1,0.0256500001997
368,20,219,53,3,8,2,0.108136996627
369,219,219,20,53,10,2,1.56190097332
370,219,33,5,53,4,2,0.0137320002541
371,33,33,562,1441,10,1,38.0265083313
372,33,85,33,33,8,1,0.26806101203
373,20,13,33,351,4,2,0.0141080003232
374,13,33,137,219,4,2,0.0490260012448
375,13,85,20,20,2,2,0.00126799999271
376,562,562,219,53,2,2,4.83340597153
377,137,351,3,900,4,2,0.753570020199
378,5,13,20,85,4,1,0.00230100005865
379,13,5,13,33,2,1,0.000342999992426
380,53,219,351,1441,4,1,59.3201599121
381,3,351,33,3,2,1,0.0038699998986
382,33,20,20,137,6,1,0.0502949990332
383,137,33,351,8,4,2,0.238305002451
384,33,5,351,53,2,2,0.00591799989343
385,5,562,20,20,4,1,0.037239998579
386,13,33,33,351,6,1,0.105191998184
387,33,219,3,20,8,1,0.0589490011334
388,219,8,1441,5,2,1,0.360345005989
389,53,53,219,13,2,1,0.10670799762
390,137,351,20,8,2,2,0.0417769998312
391,20,562,85,1441,6,2,7.36999177933
392,85,5,1441,562,2,1,0.835362017155
393,137,13,1441,3,8,2,0.866953015327
394,8,8,5,85,6,2,0.000789000012446
395,5,219,137,20,4,2,0.0231870003045
396,33,20,33,219,6,1,0.117741003633
397,351,137,562,33,10,2,34.906375885
398,351,33,351,85,4,2,1.41356503963
399,351,562,351,1441,8,2,1004.59344482
400,20,53,8,53,10,2,0.0105490004644
401,20,137,53,53,6,2,0.0837460011244
402,351,137,53,5,6,2,0.86185002327
403,20,20,137,85,8,2,0.0755290016532
404,85,562,53,900,6,1,53.0691223145
405,33,13,1441,351,6,1,4.43394184113
406,351,53,900,8,6,1,21.687330246
407,53,137,5,33,2,1,0.0173470005393
408,20,562,13,33,6,1,0.258727014065
409,85,351,219,900,4,2,15.5962324142
410,53,8,13,900,4,1,0.0633890032768
411,351,20,1441,20,10,2,8.07510757446
412,8,137,5,3,4,2,0.000954999995884
413,137,33,219,5,8,2,0.500180006027
414,5,5,351,53,2,1,0.00476900022477
415,20,137,562,20,4,2,0.287102997303
416,219,53,3,562,2,1,0.307579994202
417,562,20,53,351,10,1,9.84244918823
418,8,3,900,562,2,1,0.0978799983859
419,85,5,1441,8,2,2,0.0197160001844
420,53,5,137,33,4,2,0.00927400030196
421,33,562,562,351,8,2,35.666759491
422,13,8,351,3,6,2,0.011327999644
423,219,13,5,562,4,1,0.136208996177
424,562,562,900,53,4,1,
425,3,5,137,33,2,2,0.000959999975748
426,85,5,33,53,4,1,0.0136529998854
427,20,351,219,137,10,2,3.27096104622
428,8,219,900,219,6,2,1.98393905163
429,53,219,20,900,6,1,4.93603420258
430,562,219,53,137,2,2,0.916563987732
431,137,5,219,53,2,1,0.0361279994249
432,13,219,3,33,2,2,0.00135899998713
433,219,13,53,13,8,2,0.0645169988275
434,33,53,3,85,4,1,0.0129289999604
435,219,562,137,8,6,2,5.79916810989
436,351,53,53,562,2,1,1.79434394836
437,137,562,351,137,8,2,49.3758850098
438,8,85,33,137,6,1,0.0671959966421
439,33,13,20,562,10,2,0.0741429999471
440,53,5,351,53,4,1,0.10422000289
441,33,351,13,8,6,1,0.193388998508
442,20,5,85,53,2,2,0.00127899996005
443,137,562,3,53,8,1,1.07941496372
444,13,137,137,351,6,1,1.74903202057
445,219,53,33,219,8,1,3.76991391182
446,8,13,1441,137,4,1,0.300738990307
447,53,8,5,53,4,1,0.00294800009578
448,8,13,20,137,2,1,0.00157399999443
449,8,13,3,8,6,1,0.000364000006812
450,20,351,137,562,4,1,5.7283039093
451,53,53,137,53,10,1,2.01745510101
452,562,85,562,219,6,1,157.257125854
453,137,85,20,900,10,1,12.2510957718
454,5,562,562,53,2,2,0.107977002859
455,219,53,900,20,4,1,7.4464931488
456,33,13,137,13,4,2,0.00989099964499
457,33,85,900,1441,10,1,171.437179565
458,562,8,5,137,6,2,0.0231609996408
459,3,137,900,351,2,2,0.108456999063
460,562,351,13,5,4,1,1.61410105228
461,85,13,85,85,6,2,0.0674419999123
462,219,562,351,33,4,2,9.52335262299
463,33,5,33,3,4,2,0.000885999994352
464,53,137,3,3,4,2,0.00362300011329
465,13,137,33,3,4,1,0.0338129997253
466,33,20,8,1441,6,1,0.180962994695
467,13,85,85,562,4,2,0.157109007239
468,20,562,85,137,8,2,1.50272095203
469,33,137,219,562,6,1,12.257060051
470,85,53,351,351,6,2,3.49064803123
471,53,219,900,3,10,1,31.9970245361
472,13,219,85,13,6,2,0.0724660009146
473,351,351,3,5,4,1,0.25872400403
474,351,33,900,53,2,1,2.74683094025
475,351,5,8,900,2,1,0.0776539966464
476,33,562,351,351,8,2,22.2594013214
477,85,562,900,3,2,1,6.21471500397
478,85,33,219,85,6,2,0.452369987965
479,85,53,562,219,4,2,1.72126197815
480,13,3,33,53,2,1,0.00054999999702
481,85,562,562,351,8,2,100.903991699
482,85,562,53,5,2,2,0.100469999015
483,85,219,1441,562,8,1,604.158752441
484,562,13,351,562,8,2,9.92994022369
485,219,13,219,1441,10,2,7.62908220291
486,53,137,351,351,10,2,13.7123823166
487,219,13,3,137,6,1,0.0399789996445
488,53,562,8,1441,10,1,20.3808193207
489,53,53,33,3,6,1,0.112731002271
490,13,562,219,1441,6,2,10.6554079056
491,5,33,3,5,4,1,0.000381999998353
492,351,13,1441,20,6,1,8.31443881989
493,20,219,5,5,6,2,0.00783600006253
494,13,351,53,219,10,1,1.90396201611
495,13,85,53,137,4,1,0.112287998199
496,137,562,900,562,6,1,933.108459473
497,20,219,33,219,10,2,0.469343990088
498,3,5,33,3,2,1,0.000146999998833
499,20,13,137,8,4,1,0.0192460007966
500,53,137,562,85,2,1,1.41815698147
501,8,85,562,53,6,1,0.604853987694
502,3,3,562,900,2,2,0.084821999073
503,3,8,13,53,2,1,0.000283000001218
504,53,219,900,900,4,2,24.4708347321
505,33,20,137,562,10,2,0.773518025875
506,219,351,900,85,4,2,23.9626865387
507,33,351,33,13,4,1,0.26576000452
508,33,13,562,137,10,1,1.22248601913
509,219,13,900,3,4,1,1.38520002365
510,33,13,1441,351,4,2,0.769149005413
511,351,13,1441,562,10,2,30.4102554321
512,20,219,219,562,4,1,5.68063879013
513,20,85,3,3,2,1,0.00102399999741
514,53,53,53,85,10,2,0.283206999302
515,20,5,3,20,2,1,0.00018600000476
516,20,562,562,5,4,1,3.64114308357
517,3,13,3,53,2,2,0.000136000002385
518,351,8,351,351,2,2,0.275716006756
519,219,20,5,85,8,2,0.0287599992007
520,20,53,33,351,10,1,0.543093979359
521,351,20,13,5,2,1,0.0146899996325
522,219,219,219,1441,8,1,594.270568848
523,85,85,33,900,2,1,0.774583995342
524,20,13,53,1441,4,1,0.223502993584
525,3,20,562,1441,2,2,0.143691003323
526,5,562,33,5,4,2,0.0124420002103
527,351,137,1441,85,6,2,52.8726997375
528,351,13,53,5,6,1,0.259449988604
529,85,5,137,219,4,2,0.0438390001655
530,20,20,137,3,2,1,0.00767400022596
531,351,3,53,137,2,2,0.0128210000694
532,219,33,900,13,10,2,5.36822080612
533,85,33,900,20,8,2,1.52118694782
534,562,562,1441,137,4,2,
535,33,219,33,13,10,1,0.784762978554
536,13,137,900,20,8,2,0.694491028786
537,8,351,85,137,6,1,0.654891014099
538,562,219,20,53,2,2,0.227982997894
539,13,33,5,900,4,1,0.0329700000584
540,5,8,900,219,4,2,0.128480002284
541,33,85,137,351,2,2,0.108112998307
542,33,33,85,85,10,2,0.168274998665
543,562,137,85,562,10,2,59.3183441162
544,3,13,20,13,2,2,0.000153999993927
545,219,53,20,3,6,2,0.0741999968886
546,13,33,1441,1441,10,1,
547,219,53,85,900,10,1,49.4510192871
548,219,20,1441,13,8,2,3.44085502625
549,137,13,562,20,8,2,0.455098003149
550,20,85,33,351,10,1,0.893328011036
551,137,85,85,1441,6,1,31.7614078522
552,5,13,33,3,4,1,0.00112499995157
553,562,219,3,562,8,1,10.8480558395
554,137,13,562,13,6,1,1.19356095791
555,13,5,53,8,2,1,0.000545000017155
556,85,219,562,1441,10,2,216.918716431
557,5,20,13,5,2,1,0.000281999993604
558,8,85,219,5,2,1,0.0204009991139
559,20,137,219,351,2,1,0.617712020874
560,137,20,8,219,4,2,0.0216080006212
561,5,33,85,351,4,1,0.0638630017638
562,85,20,1441,53,10,2,2.85210108757
563,20,137,33,13,4,1,0.0637239962816
564,13,137,3,351,6,2,0.0147559996694
565,562,137,53,20,8,2,2.86933708191
566,20,351,137,53,4,1,1.00841403008
567,137,137,5,33,10,1,0.490126997232
568,137,13,137,900,2,1,0.603246986866
569,85,53,8,562,4,1,0.300440013409
570,562,8,219,3,2,1,0.130515992641
571,85,137,5,351,4,2,0.107587002218
572,351,351,351,351,8,2,169.160110474
573,20,85,5,8,8,2,0.00442000012845
574,351,5,53,85,4,1,0.112517997622
575,13,8,351,137,6,1,0.140689998865
576,219,85,33,20,4,2,0.117058001459
577,53,20,219,85,4,1,0.31605899334
578,351,8,219,562,4,2,1.01854503155
579,20,53,33,33,10,1,0.114143997431
580,351,20,8,137,6,2,0.0658000037074
581,85,33,53,219,6,2,0.222683995962
582,8,33,562,3,6,2,0.0375239998102
583,3,351,1441,351,2,1,1.1117759943
584,33,351,5,219,2,2,0.0345529988408
585,53,8,900,219,2,2,0.0925870016217
586,351,33,85,351,4,2,1.01783204079
587,8,20,900,53,4,1,0.163201004267
588,562,562,351,562,4,1,
589,5,53,33,13,2,1,0.00150200002827
590,5,53,351,53,2,1,0.0227339994162
591,219,85,900,8,2,2,0.644582986832
592,20,33,219,351,10,1,2.17480397224
593,33,13,5,53,8,2,0.00205100001767
594,33,219,33,8,6,1,0.301091998816
595,351,351,562,3,2,1,10.1119689941
596,85,13,85,20,4,2,0.0163690000772
597,20,219,1441,900,6,2,30.7833919525
598,219,351,1441,351,2,2,28.0231170654
599,20,137,5,137,2,2,0.00560199981555
600,53,562,5,85,2,1,0.1541569978
601,8,8,13,8,6,2,0.000430999993114
602,13,351,85,5,10,1,0.674890995026
603,85,137,85,219,6,2,1.46810495853
604,137,562,33,900,10,1,141.887634277
605,8,20,900,900,2,1,0.41904899478
606,20,562,33,137,10,2,0.808942973614
607,562,53,562,351,6,1,142.784072876
608,219,8,33,562,2,1,0.128261998296
609,3,137,13,219,2,2,0.00160700001288
610,8,85,219,351,4,2,0.185253992677
611,85,33,13,53,8,1,0.134000003338
612,562,85,3,562,8,2,1.01707196236
613,219,20,8,33,8,1,0.104868002236
614,85,33,900,562,10,2,19.2973175049
615,3,351,562,85,2,1,0.147254005075
616,219,13,5,137,6,2,0.0152009995654
617,20,8,351,8,2,2,0.00284199998714
618,13,33,219,13,10,2,0.0521030016243
619,351,8,33,3,2,2,0.00380300008692
620,20,13,85,13,10,1,0.0335059985518
621,20,5,351,219,2,2,0.0300600007176
622,351,85,3,85,10,2,0.201939001679
623,351,219,351,900,6,1,562.24420166
624,137,8,1441,3,2,2,0.0574809983373
625,219,13,562,5,4,1,0.899617016315
626,13,53,137,137,8,2,0.129894003272
627,351,137,1441,219,2,2,11.8134336472
628,137,137,3,13,8,1,0.154575005174
629,53,351,53,351,2,1,1.17083001137
630,137,33,137,53,10,1,3.16101694107
631,33,351,1441,33,6,2,7.63344717026
632,562,33,3,1441,10,2,1.21928203106
633,20,8,85,3,4,1,0.00699400017038
634,13,85,85,219,8,1,0.657357990742
635,53,13,20,1441,8,1,0.517470002174
636,20,85,53,53,2,1,0.027674999088
637,85,13,8,20,10,1,0.0185020007193
638,20,5,20,13,2,1,0.000441000011051
639,5,137,33,900,2,1,0.0645010024309
640,8,137,137,13,4,1,0.109558999538
641,3,562,5,3,2,1,0.00108499999624
642,85,351,562,13,6,2,6.21487092972
643,33,20,1441,1441,2,2,1.18683099747
644,13,8,53,1441,4,2,0.0545150004327
645,20,33,53,351,6,1,0.277417987585
646,85,351,1441,219,8,2,108.583595276
647,20,5,13,20,4,1,0.00103499996476
648,33,85,20,900,2,2,0.0561439990997
649,33,85,85,20,4,2,0.0439749993384
650,13,3,1441,562,2,2,0.141480997205
651,13,351,5,13,8,2,0.0108390003443
652,137,137,5,562,8,1,2.52410697937
653,562,8,562,562,4,2,4.06505393982
654,53,219,5,5,2,2,0.00296399998479
655,13,33,85,13,10,1,0.059712998569
656,562,85,351,137,2,1,8.14458370209
657,219,53,33,3,8,1,0.79330098629
658,219,53,351,85,2,1,1.44158804417
659,219,8,137,20,2,1,0.0425239987671
660,33,13,219,137,2,2,0.0146589996293
661,351,562,3,219,8,2,1.91306900978
662,5,8,137,3,4,2,0.00132499996107
663,137,13,219,219,4,1,1.01829600334
664,219,137,562,53,6,2,9.92722606659
665,85,351,8,900,10,2,3.44558310509
666,53,53,20,20,10,2,0.0516000017524
667,351,20,3,33,6,1,0.0435030013323
668,53,219,8,33,10,2,0.130817994475
669,33,562,351,20,2,2,0.297026008368
670,137,219,13,3,6,1,0.500626981258
671,351,53,8,33,2,1,0.0561899989843
672,219,33,8,5,4,1,0.0367689989507
673,351,219,562,5,8,1,100.790527344
674,53,562,33,900,6,2,5.1571969986
675,53,8,219,1441,4,1,1.38327002525
676,562,219,3,53,6,2,0.28267800808
677,33,13,1441,351,4,1,2.44632601738
678,85,562,562,219,10,1,412.5390625
679,137,20,1441,5,4,1,2.28307008743
680,351,8,8,900,4,1,0.265356987715
681,8,8,137,1441,2,2,0.041007000953
682,13,351,85,1441,2,1,1.58093702793
683,53,351,33,20,4,1,0.473791003227
684,53,33,5,20,6,2,0.00386400008574
685,33,53,53,85,8,1,0.411287009716
686,33,562,85,562,6,1,20.0089473724
687,53,137,1441,3,10,2,7.9237408638
688,8,13,900,8,6,2,0.0360889993608
689,13,562,1441,219,6,1,49.491027832
690,351,20,3,562,8,2,0.132749006152
691,3,8,8,20,2,2,0.000125999999
692,53,53,33,20,10,1,0.326068997383
693,5,5,562,137,2,1,0.0159520003945
694,13,562,137,33,6,2,0.390269011259
695,562,13,219,137,4,1,2.85568499565
696,33,137,562,137,6,1,9.80019378662
697,20,53,20,900,10,1,0.784687995911
698,33,53,900,13,10,2,1.17181503773
699,33,85,3,900,8,1,0.324492990971
700,85,20,85,900,4,1,1.36260199547
701,351,351,1441,351,6,1,
702,351,13,351,20,6,1,2.03558492661
703,351,137,900,562,4,1,262.689178467
704,13,137,1441,351,2,2,0.661412000656
705,53,53,1441,137,6,2,4.18104887009
706,53,562,3,13,6,1,0.144118994474
707,137,8,33,85,6,1,0.0759230032563
708,85,33,900,219,8,2,5.93829679489
709,20,85,3,900,2,2,0.0185710005462
710,53,13,53,137,2,2,0.00557600008324
711,562,137,5,1441,8,1,25.7986087799
712,219,20,8,33,2,1,0.0128769995645
713,33,137,8,900,10,1,1.75240302086
714,13,5,562,85,2,2,0.00767799979076
715,137,8,562,3,4,2,0.0889720022678
716,5,562,3,219,4,2,0.00966999959201
717,13,219,5,5,2,1,0.0026380000636
718,351,351,562,219,10,2,283.080291748
719,85,20,20,85,6,1,0.0958930030465
720,5,85,53,3,2,2,0.00079600000754
721,33,85,3,20,4,1,0.00828600022942
722,13,5,53,1441,4,2,0.0437760017812
723,562,562,20,8,8,2,3.85769796371
724,13,13,8,20,8,2,0.000890999974217
725,20,8,13,351,6,1,0.0181559994817
726,20,137,5,5,2,1,0.00263900007121
727,53,351,5,900,4,2,0.365480005741
728,13,562,20,219,10,2,0.306825011969
729,8,8,351,351,2,1,0.0385689996183
730,137,8,13,351,6,1,0.0942749977112
731,3,53,33,5,2,2,0.000293999997666
732,13,33,8,13,6,1,0.00425999984145
733,85,562,5,33,4,2,0.0673559978604
734,85,53,53,5,8,1,0.513346016407
735,219,8,562,219,2,1,0.616787016392
736,20,33,137,20,8,1,0.176088005304
737,20,219,85,351,8,1,4.4942688942
738,13,33,900,900,2,1,0.927146017551
739,13,20,1441,8,4,1,0.198056995869
740,85,219,3,8,10,2,0.0520029999316
741,33,137,13,351,8,1,0.839348018169
742,137,137,3,137,2,2,0.0325669981539
743,13,85,900,562,2,1,1.46041297913
744,8,219,219,137,2,1,0.173306003213
745,20,33,219,53,6,1,0.28789499402
746,13,137,3,3,4,2,0.000882999971509
747,8,8,219,8,6,1,0.0115849999711
748,5,3,8,219,2,2,0.000396999996156
749,20,33,85,219,2,2,0.013743000105
750,8,8,1441,900,6,1,2.66185688972
751,219,562,33,85,4,1,6.08798599243
752,137,33,13,3,10,1,0.165489003062
753,85,53,13,8,10,1,0.182389006019
754,137,20,13,85,8,2,0.042392000556
755,13,351,53,219,6,2,0.308896005154
756,13,5,85,219,2,1,0.00542700011283
757,219,137,219,5,10,2,5.73439216614
758,137,20,85,219,8,1,1.87597501278
759,85,562,900,5,4,2,6.47825193405
760,137,219,8,13,4,1,0.18364199996
761,85,20,53,85,4,2,0.0359679982066
762,562,33,562,3,6,2,3.10996103287
763,20,562,8,20,10,2,0.0768000036478
764,20,13,137,13,6,2,0.0123810004443
765,53,13,1441,20,2,1,0.185317993164
766,20,53,8,5,10,1,0.0190980006009
767,8,351,5,5,4,2,0.00250199995935
768,20,351,53,33,2,2,0.0246719997376
769,20,20,137,3,10,2,0.0286909993738
770,137,13,13,137,4,2,0.0131139997393
771,137,5,8,900,4,1,0.0630920007825
772,33,13,53,85,8,2,0.0268430002034
773,13,219,351,1441,4,2,3.73406291008
774,351,13,33,1441,2,2,0.186390995979
775,562,20,8,53,10,1,0.409675002098
776,137,219,33,53,2,2,0.0820219963789
777,351,219,85,20,10,2,7.10895395279
778,562,85,562,219,2,1,18.3654193878
779,351,13,900,5,6,1,4.29166698456
780,13,8,1441,53,4,2,0.0703189969063
781,562,8,13,85,6,1,0.143135994673
782,351,85,53,85,2,2,0.161604002118
783,85,219,20,562,10,1,12.9631118774
784,33,351,5,900,4,2,0.23090800643
785,351,33,13,13,2,1,0.0307240001857
786,20,13,20,1441,4,1,0.0948809981346
787,137,562,562,1441,8,2,612.811096191
788,85,562,219,5,4,1,6.30258607864
789,33,562,3,33,8,2,0.0479129999876
790,13,219,53,137,8,1,0.728456020355
791,137,8,219,219,6,2,0.336926013231
792,8,3,562,351,2,2,0.0329620018601
793,5,53,562,3,2,2,0.00498000020161
794,13,351,1441,3,8,2,2.3528649807
795,5,13,53,53,2,2,0.000562999979593
796,8,13,3,85,2,1,0.000464999990072
797,20,53,1441,8,8,1,2.56544089317
798,219,13,1441,53,10,1,12.6001653671
799,53,33,351,8,10,2,0.427731007338
800,562,562,351,562,2,1,
801,351,351,562,1441,6,2,568.239929199
802,85,5,20,1441,4,1,0.131080001593
803,85,219,8,13,2,1,0.0343879982829
804,53,85,562,219,4,2,1.75417399406
805,85,219,13,53,4,2,0.0752789974213
806,351,33,8,20,2,2,0.00663400022313
807,3,33,20,20,2,1,0.000432000000728
808,53,20,20,20,8,1,0.0443690009415
809,33,219,5,351,2,2,0.0341800004244
810,20,137,3,53,2,2,0.00206200010143
811,33,137,20,562,10,1,2.69867396355
812,85,562,33,8,10,2,1.39237105846
813,8,562,20,351,4,1,0.37924399972
814,20,53,562,85,10,1,3.11696505547
815,20,562,13,137,6,2,0.158407002687
816,85,53,1441,8,4,1,3.87070989609
817,13,219,85,351,6,1,1.72841095924
818,33,562,1441,137,8,2,43.3887290955
819,33,562,3,13,6,1,0.0880889967084
820,13,351,900,5,2,1,0.580864012241
821,5,8,85,219,2,2,0.00340500008315
822,137,351,1441,900,4,1,645.664978027
823,33,13,562,137,2,2,0.0335800014436
824,137,53,85,219,4,2,0.440306007862
825,85,20,33,562,6,1,0.68213301897
826,137,562,33,1441,10,1,223.377426147
827,351,13,8,8,6,1,0.0420089997351
828,13,85,5,53,8,1,0.0167820006609
829,13,53,137,1441,10,2,1.61825096607
830,351,137,1441,53,4,2,18.7409152985
831,137,20,8,3,2,1,0.00357900001109
832,3,85,33,53,2,1,0.00208000000566
833,562,219,5,137,8,2,1.29705405235
834,351,85,5,8,10,1,0.532751977444
835,33,53,351,900,2,2,0.402828007936
836,53,53,137,1441,8,2,5.03317403793
837,85,85,33,33,4,2,0.0570009984076
838,351,8,900,900,4,1,21.5195331573
839,562,562,3,8,2,1,0.249463006854
840,5,351,5,3,2,2,0.00040099999751
841,351,33,562,219,6,2,9.1602602005
842,3,13,8,20,2,1,0.000159000002895
843,562,33,900,5,10,2,12.3941383362
844,8,137,900,20,6,2,0.31006398797
845,20,85,137,8,10,1,0.540696978569
846,8,351,5,219,4,1,0.0543430000544
847,562,53,8,53,10,1,1.42999601364
848,20,5,219,5,2,2,0.00109599996358
849,20,562,20,900,10,1,8.78106975555
850,13,85,351,13,10,1,0.72094899416
851,219,5,13,900,4,1,0.139688998461
852,53,13,351,900,6,1,4.14641618729
853,137,351,8,33,4,2,0.101103998721
854,137,20,8,219,2,2,0.00978100020438
855,53,33,900,5,8,1,2.94810509682
856,20,8,3,53,2,2,0.000232000005781
857,85,20,13,13,2,2,0.00129299995024
858,8,53,3,562,4,1,0.0156020000577
859,13,219,219,137,8,1,2.94628405571
860,20,85,1441,219,4,1,6.37540102005
861,562,219,137,219,6,1,102.343444824
862,85,137,562,351,6,2,14.2961359024
863,562,33,3,900,6,1,1.59745502472
864,5,351,8,13,2,1,0.0027799999807
865,53,20,351,351,10,2,1.92180502415
866,219,85,53,219,6,2,1.4886289835
867,351,137,900,13,6,2,16.3092288971
868,5,562,8,900,4,2,0.0641949996352
869,53,53,351,8,4,1,0.592032015324
870,137,13,85,13,8,2,0.0618799999356
871,219,137,5,137,6,1,0.752822995186
872,8,137,5,900,2,1,0.046397998929
873,137,137,900,33,4,2,3.69643306732
874,13,13,137,33,2,1,0.0051210001111
875,20,20,3,562,6,1,0.0203660000116
876,5,33,1441,351,2,1,0.266723006964
877,20,137,85,900,4,1,2.21676707268
878,33,20,900,900,10,2,7.80355119705
879,3,53,33,3,2,2,0.000254000013229
880,53,20,351,5,6,2,0.107694998384
881,33,562,562,20,4,2,1.86393594742
882,8,562,8,8,4,1,0.0216899998486
883,219,13,562,137,6,2,1.39383101463
884,85,219,20,85,2,1,0.1868250072
885,219,351,351,85,4,1,37.472946167
886,137,351,219,20,2,1,1.9639929533
887,5,8,13,562,4,2,0.00538200000301
888,20,8,137,53,4,2,0.0103900004178
889,85,137,219,900,10,1,132.586303711
890,137,219,20,562,4,2,1.09493005276
891,137,53,137,85,10,2,1.84640598297
892,33,5,3,351,2,1,0.00234799995087
893,13,53,5,219,6,1,0.0209359992296
894,219,13,351,562,8,1,15.1326255798
895,219,5,3,20,2,2,0.000394000002416
896,20,33,1441,85,8,1,3.60310602188
897,33,5,1441,900,4,1,2.48490810394
898,8,53,8,562,4,1,0.0277280006558
899,137,85,13,219,6,2,0.244480997324
900,85,20,13,8,4,1,0.015069000423
901,219,562,8,13,10,2,1.02548599243
902,20,20,900,53,10,1,1.1813390255
903,137,219,53,1441,10,1,136.224197388
904,5,85,219,1441,4,2,0.407267987728
905,351,8,137,20,4,1,0.252968996763
906,20,562,20,351,10,1,3.75013899803
907,219,13,562,53,6,1,2.98443007469
908,137,351,33,53,8,2,1.67116701603
909,137,20,3,85,2,2,0.00301999994554
910,53,562,5,13,10,1,0.561806023121
911,85,33,53,20,10,1,0.499496996403
912,5,13,33,5,4,1,0.00119099998847
913,33,33,3,3,10,2,0.0021420000121
914,33,13,53,8,8,1,0.0294460002333
915,53,53,8,20,10,1,0.0820119976997
916,137,562,900,562,10,1,-1827.69140625
917,137,13,5,351,4,1,0.0553269982338
918,8,137,900,8,4,2,0.167573004961
919,33,53,1441,351,4,2,2.69680809975
920,562,8,85,8,2,1,0.055463001132
921,5,53,137,137,4,2,0.0248429998755
922,351,562,33,33,2,1,1.70595395565
923,20,33,562,8,2,2,0.0145269995555
924,351,13,8,351,4,2,0.0488349981606
925,3,137,351,13,2,2,0.00508699985221
926,137,351,5,1441,4,1,6.09954690933
927,53,20,13,562,10,1,0.341666996479
928,13,53,562,53,8,2,0.273864001036
929,562,562,351,53,4,2,30.1819839478
930,351,85,20,85,6,1,1.88622295856
931,3,219,137,53,2,1,0.0185470003635
932,53,219,13,3,8,2,0.0808660015464
933,562,351,137,13,2,2,1.18731296062
934,351,351,900,20,4,2,20.19490242
935,219,13,33,351,10,2,0.316594988108
936,8,85,351,562,2,2,0.13226300478
937,85,219,137,5,4,2,0.385728001595
938,53,5,900,351,4,2,0.378962010145
939,53,219,137,53,10,2,2.30541396141
940,562,53,562,900,8,2,142.451156616
941,85,13,351,562,2,2,0.163092002273
942,351,13,5,8,10,2,0.0105659998953
943,219,8,900,351,2,2,0.451651006937
944,351,219,3,219,6,1,1.96906197071
945,13,53,33,219,8,1,0.154714003205
946,137,8,53,85,2,2,0.00659700017422
947,3,85,13,8,2,1,0.000491000013426
948,137,562,219,219,6,2,25.6185455322
949,53,85,13,5,2,2,0.00257800007239
950,53,33,900,8,2,1,0.234835997224
951,562,8,137,33,2,1,0.128760993481
952,13,137,13,8,2,2,0.00105700001586
953,85,13,1441,5,10,1,2.53653407097
954,53,137,5,137,2,2,0.0142449997365
955,53,20,137,8,6,1,0.166346997023
956,351,562,900,20,6,2,
957,85,20,1441,3,6,1,2.6518239975
958,5,20,85,137,4,2,0.00999999977648
959,351,85,562,85,10,1,131.238418579
960,562,351,33,219,2,2,1.49012196064
961,33,53,1441,53,6,2,1.40931904316
962,85,13,351,53,6,2,0.201363995671
963,53,562,137,3,10,1,12.7934865952
964,5,137,20,137,2,2,0.00243799993768
965,137,13,219,137,4,1,0.724279999733
966,562,85,1441,13,10,2,67.056602478
967,20,219,137,351,4,2,0.639957010746
968,562,8,20,351,4,1,0.376598000526
969,3,219,8,3,2,2,0.000273000012385
970,20,219,33,562,4,2,0.255237013102
971,53,85,20,33,8,2,0.0715290009975
972,562,137,53,137,4,1,8.13362216949
973,13,562,3,5,4,1,0.0136259999126
974,85,33,137,562,8,2,2.0613629818
975,33,20,20,8,8,1,0.02132399939
976,85,33,3,53,2,1,0.00793199986219
977,219,85,900,33,6,2,7.96549987793
978,13,13,85,53,4,2,0.00530999992043
979,562,33,562,85,10,1,70.8416671753
980,33,53,219,8,2,2,0.0145330000669
981,53,351,1441,5,8,1,58.1116447449
982,53,85,219,1441,4,2,3.71796393394
983,137,20,53,20,4,2,0.0283369999379
984,219,33,13,20,2,2,0.00586900021881
985,137,5,53,3,4,2,0.00452300021425
986,562,53,33,562,2,2,0.509272992611
987,219,53,5,53,10,1,0.365758001804
988,20,8,3,53,6,1,0.00111700000707
989,85,20,900,219,8,1,12.0675401688
990,137,219,1441,85,10,2,87.0237960815
991,53,137,3,219,6,1,0.177731007338
992,8,5,137,53,2,2,0.00146900000982
993,137,20,1441,562,8,1,70.9920654297
994,13,351,13,900,10,1,1.68948304653
995,53,13,8,20,10,2,0.00325799989514
996,33,85,13,5,8,2,0.0185349993408
997,20,13,900,33,10,1,0.492053985596
998,351,137,219,5,8,1,24.2904415131
999,137,20,20,900,6,1,1.0619610548
1000,5,13,3,85,2,2,0.000169000006281
1001,219,351,8,900,6,1,15.5045433044
1002,85,351,137,53,2,1,1.14846897125
1003,137,137,219,219,6,1,24.1184215546
1004,5,137,219,85,4,1,0.178938999772
1005,137,137,137,33,4,2,0.570163011551
1006,137,33,219,562,2,2,0.406174004078
1007,20,562,13,5,2,2,0.00640700012445
1008,13,351,13,5,8,1,0.0905579999089
1009,5,219,3,53,4,1,0.00478499988094
1010,351,13,13,137,2,1,0.0632809996605
1011,20,33,8,5,8,1,0.00881200004369
1012,13,13,53,85,4,1,0.0127309998497
1013,351,20,900,33,10,2,6.11709213257
1014,53,351,351,20,10,1,25.3847103119
1015,33,5,1441,137,2,1,0.114790000021
1016,20,13,85,3,2,1,0.00308499997482
1017,33,20,33,85,8,1,0.0848100036383
1018,85,85,33,13,4,1,0.168614000082
1019,33,20,900,562,2,1,0.924745976925
1020,33,13,33,137,10,1,0.0747840031981
1021,13,85,13,20,2,1,0.00333199999295
1022,562,5,33,562,4,2,0.15383900702
1023,20,13,5,13,6,1,0.00164200004656
1024,53,8,5,5,2,1,0.000463000003947
1025,351,85,8,562,4,2,0.503441989422
1026,53,13,219,85,8,2,0.14551499486
1027,3,5,53,53,2,2,0.000552000012249
1028,85,5,13,13,2,1,0.00103199994192
1029,562,85,900,1441,2,2,40.1516265869
1030,8,53,13,20,6,2,0.00211600004695
1031,85,137,53,13,10,2,0.592095017433
1032,562,562,562,13,2,2,
1033,85,137,900,20,10,1,41.6387939453
1034,8,562,33,351,2,2,0.0533000007272
1035,53,20,85,8,8,1,0.169496998191
1036,137,85,3,8,2,2,0.00233000004664
1037,3,8,8,20,2,1,0.00014899999951
1038,5,8,13,5,2,1,0.000167999998666
1039,85,13,33,3,4,2,0.00513100018725
1040,562,20,8,5,2,2,0.00414100009948
1041,219,33,33,85,10,2,0.432424008846
1042,13,8,85,900,2,2,0.0151699995622
1043,137,8,219,351,4,1,0.91481500864
1044,53,351,219,351,2,2,1.08053100109
1045,20,351,13,85,8,1,0.396355986595
1046,33,137,351,33,2,2,0.0898630023003
1047,53,137,1441,13,8,2,6.30335903168
1048,562,351,85,13,8,1,45.0436592102
1049,85,137,53,562,10,2,5.29926776886
1050,137,13,1441,1441,2,2,2.43400788307
1051,20,219,33,33,10,1,0.513723015785
1052,20,33,13,8,2,2,0.000490000005811
1053,8,85,53,351,4,2,0.046875
1054,85,13,53,85,6,1,0.163552999496
1055,85,5,53,13,2,2,0.000988999963738
1056,20,33,5,53,2,1,0.00214700005017
1057,53,137,33,53,8,1,0.943058013916
1058,53,219,20,3,2,2,0.00934000033885
1059,53,562,351,13,2,2,0.456023007631
1060,20,562,20,20,10,1,0.670597970486
1061,219,137,562,219,2,2,2.92291998863
1062,351,53,219,85,8,1,20.3055744171
1063,137,8,20,219,2,2,0.00656299991533
1064,20,562,13,562,4,2,0.278946012259
1065,351,20,137,8,2,1,0.146703004837
1066,33,137,8,219,10,2,0.129747003317
1067,53,351,900,351,8,2,60.7512702942
1068,8,219,219,8,2,1,0.0542730018497
1069,33,33,8,900,6,1,0.210150003433
1070,8,33,33,137,4,1,0.0180130004883
1071,562,85,8,351,8,2,1.55167400837
1072,13,3,1441,13,2,2,0.00564499991015
1073,85,219,351,53,6,1,15.0836744308
1074,8,562,562,33,2,2,0.145739004016
1075,33,85,219,137,4,1,1.16839802265
1076,137,33,20,562,10,2,0.710596978664
1077,351,53,33,137,6,2,0.652070999146
1078,3,219,33,219,2,1,0.0145910000429
1079,351,137,13,219,10,2,2.56892800331
1080,351,13,900,53,10,1,12.6467294693
1081,562,219,13,20,2,1,0.385107010603
1082,85,20,3,219,10,1,0.0641319975257
1083,562,351,351,351,4,1,278.581878662
1084,13,137,219,5,4,1,0.220048993826
1085,53,562,5,351,4,1,0.965071976185
1086,8,562,1441,137,2,2,0.808969974518
1087,33,20,33,219,2,1,0.0195889994502
1088,85,33,900,3,2,1,0.362085014582
1089,33,85,20,85,4,1,0.0870679989457
1090,351,219,219,8,10,2,15.3108129501
1091,351,13,219,1441,10,1,42.5873146057
1092,85,53,85,8,10,1,1.17528402805
1093,13,20,562,85,2,2,0.016984000802
1094,137,562,5,219,8,2,1.17732298374
1095,137,33,137,562,10,2,4.73748111725
1096,13,137,33,1441,6,2,0.446092993021
1097,85,562,1441,351,4,1,273.78427124
1098,85,562,20,137,2,1,0.69036501646
1099,137,8,20,85,4,2,0.00964500010014
1100,33,33,1441,137,8,1,9.12021541595
1101,20,33,8,5,2,2,0.000329000002239
1102,85,219,33,8,2,1,0.116245999932
1103,5,562,137,20,2,1,0.0610590018332
1104,562,20,219,20,4,2,0.45789000392
1105,53,33,53,20,8,1,0.213654994965
1106,351,13,900,5,10,2,1.78338897228
1107,13,351,8,20,4,2,0.00763599993661
1108,33,33,351,13,8,1,0.771763980389
1109,20,20,13,13,2,1,0.00111700000707
1110,53,137,562,20,10,2,3.88048505783
1111,219,351,900,219,6,2,103.203765869
1112,53,53,5,900,10,1,0.711021006107
1113,85,562,53,8,2,2,0.102688997984
1114,351,85,13,53,6,2,0.257277995348
1115,53,53,20,137,6,2,0.061264000833
1116,219,13,3,351,4,2,0.0173950009048
1117,562,20,3,20,10,2,0.0310299992561
1118,3,85,5,85,2,2,0.000360000005458
1119,20,33,85,3,2,1,0.00829700008035
1120,8,53,3,13,6,1,0.00144999998156
1121,85,562,1441,3,8,1,149.738250732
1122,85,219,562,85,2,1,3.67410898209
1123,5,85,53,562,2,1,0.0368399992585
1124,562,8,1441,20,6,1,6.65782117844
1125,20,53,53,20,6,1,0.0778200030327
1126,219,137,900,137,4,1,51.2071990967
1127,20,53,5,20,10,2,0.00433700019494
1128,20,562,562,8,4,2,0.976882994175
1129,562,351,1441,5,2,2,
1130,20,137,219,5,4,2,0.0939809978008
1131,33,351,900,562,6,2,33.1260185242
1132,219,53,13,53,4,2,0.047226998955
1133,33,13,3,562,8,2,0.00936200004071
1134,137,85,137,900,6,1,32.3207130432
1135,53,562,53,13,2,1,0.282236993313
1136,20,33,5,219,6,1,0.0209430009127
1137,20,85,20,20,8,1,0.0731749981642
1138,20,137,562,3,8,2,0.693206012249
1139,562,20,900,13,2,2,0.446114003658
1140,562,562,13,137,6,2,4.73461294174
1141,351,137,3,900,10,2,2.40042710304
1142,85,13,900,351,4,2,1.04432094097
1143,85,85,5,33,6,2,0.0203980002552
1144,8,137,85,33,2,2,0.00612400006503
1145,351,13,137,3,2,1,0.0874139964581
1146,351,20,3,20,6,2,0.00985900033265
1147,20,85,85,219,10,1,1.53600203991
1148,5,562,5,33,2,1,0.0054910001345
1149,53,20,219,137,6,2,0.252875000238
1150,85,351,351,137,10,2,28.1696071625
1151,219,5,1441,351,2,1,1.34824001789
1152,3,33,137,13,2,2,0.000868999981321
1153,219,5,85,13,2,2,0.00373600004241
1154,351,562,351,900,6,1,
1155,20,8,53,33,2,1,0.00212599989027
1156,8,8,1441,1441,2,1,0.598716974258
1157,20,53,5,33,10,2,0.00530599988997
1158,20,8,8,13,2,1,0.000380999990739
1159,20,53,900,53,4,1,0.992106974125
1160,13,562,53,53,6,2,0.188430994749
1161,351,562,5,20,6,2,0.455047011375
1162,53,20,900,1441,2,2,1.06112599373
1163,20,219,137,900,8,2,4.72208023071
1164,20,562,5,8,4,2,0.0101180002093
1165,137,8,3,13,6,2,0.00121200003196
1166,85,562,33,900,2,1,5.12049818039
1167,20,13,562,900,10,2,2.57476711273
1168,85,351,1441,562,10,2,368.56918335
1169,53,137,562,1441,8,1,210.772262573
1170,3,562,219,137,2,1,0.13055999577
1171,8,85,137,13,6,1,0.0891169980168
1172,33,33,137,562,2,1,0.256929993629
1173,85,13,20,53,2,2,0.00203799991868
1174,33,3,351,53,2,2,0.00462399981916
1175,33,562,33,900,10,1,28.3649501801
1176,351,562,351,351,4,1,278.783905029
1177,5,219,5,351,2,2,0.00436899997294
1178,85,13,900,53,2,2,0.0659700036049
1179,20,33,53,20,6,1,0.0464660003781
1180,562,219,13,900,8,2,15.7061157227
1181,13,8,33,351,6,2,0.021201999858
1182,219,53,5,219,8,2,0.16512799263
1183,351,351,900,33,6,1,216.252548218
1184,13,137,33,85,6,2,0.0394329987466
1185,8,85,5,351,2,2,0.00333600002341
1186,13,3,8,13,2,1,0.00014600000577
1187,13,53,900,351,6,2,1.44321000576
1188,5,8,85,900,4,2,0.0522480010986
1189,20,53,562,8,10,2,0.357208013535
1190,20,219,219,351,2,1,0.973613977432
1191,8,20,1441,137,6,2,0.437768012285
1192,5,33,53,1441,4,2,0.0728259980679
1193,351,33,351,5,10,2,3.01116204262
1194,85,20,85,85,6,2,0.110431998968
1195,3,351,33,13,2,1,0.00464700022712
1196,85,5,3,137,2,2,0.00067699997453
1197,8,219,85,351,6,1,0.871125996113
1198,562,562,351,5,10,2,102.74471283
1199,20,13,351,53,10,2,0.120016001165
1200,562,219,219,219,8,2,71.4716186523
1201,13,20,900,562,8,1,3.47005105019
1202,53,219,85,85,4,2,0.351090997458
1203,20,33,900,13,6,2,0.202757999301
1204,33,137,3,13,4,1,0.0113530000672
1205,351,8,33,85,4,2,0.0372149981558
1206,13,137,13,85,6,2,0.0162729993463
1207,20,33,900,137,8,1,3.09817099571
1208,137,53,20,20,6,1,0.229644998908
1209,53,219,1441,1441,10,1,
1210,562,85,1441,8,8,1,157.291412354
1211,8,8,20,562,6,1,0.0235690008849
1212,85,13,351,562,4,2,0.627340972424
1213,5,85,900,900,4,1,3.1764690876
1214,20,20,8,137,2,2,0.00112999998964
1215,53,351,33,5,4,2,0.0963819995522
1216,13,5,900,900,2,2,0.111079998314
1217,33,219,562,137,6,1,15.7797889709
1218,85,8,5,13,6,1,0.00370200001635
1219,20,5,137,900,4,1,0.174880996346
1220,562,137,562,219,4,1,116.858177185
1221,33,219,5,219,10,1,0.508417010307
1222,85,20,562,137,6,1,3.471752882
1223,33,219,33,137,10,1,2.22198009491
1224,53,219,13,351,2,2,0.076343998313
1225,8,351,8,5,6,2,0.00648800004274
1226,351,85,3,219,6,2,0.187946006656
1227,3,137,3,219,2,1,0.00303200003691
1228,351,219,219,13,8,1,44.5114555359
1229,53,13,53,53,8,1,0.0957700014114
1230,20,5,137,3,4,1,0.00674299988896
1231,85,33,20,53,6,1,0.13022300601
1232,137,85,3,137,4,1,0.128064006567
1233,351,8,33,562,6,1,0.849789023399
1234,53,219,13,13,2,2,0.00813999958336
1235,5,5,137,20,2,1,0.00100100005511
1236,351,5,8,1441,4,1,0.260156005621
1237,351,5,5,900,4,1,0.115309998393
1238,20,13,137,8,2,2,0.00153500004672
1239,8,13,8,219,4,2,0.00149000005331
1240,351,33,3,8,4,2,0.00629300018772
1241,33,85,562,20,4,2,0.284480988979
1242,85,85,33,562,8,1,5.4115819931
1243,85,85,1441,20,4,1,7.47051286697
1244,351,20,33,13,6,2,0.0835660025477
1245,562,3,351,13,2,2,0.0180110000074
1246,13,562,53,351,8,1,3.89041304588
1247,137,562,53,33,10,2,5.30653476715
1248,33,53,13,562,4,2,0.0451040007174
1249,351,351,351,900,2,1,105.175697327
1250,351,13,33,5,8,2,0.0570489987731
1251,137,219,3,137,4,2,0.0830449983478
1252,137,351,53,1441,4,2,10.0212430954
1253,5,137,13,8,2,1,0.00140900001861
1254,562,20,351,137,8,2,6.05090093613
1255,20,562,1441,85,4,1,21.4668941498
1256,13,562,900,900,4,2,14.696354866
1257,3,562,900,5,2,1,0.156499996781
1258,562,53,85,562,8,2,14.0731582642
1259,33,20,137,562,8,1,1.54700899124
1260,13,85,562,85,4,2,0.214495003223
1261,53,20,20,85,2,2,0.00293399998918
1262,219,219,562,8,2,2,1.03879499435
1263,20,33,33,900,6,2,0.141760006547
1264,219,13,3,1441,6,1,0.332933992147
1265,351,219,219,562,8,2,100.025627136
1266,85,137,13,137,4,2,0.0861060023308
1267,85,85,33,351,8,2,0.91236102581
1268,8,53,1441,53,2,1,0.151884004474
1269,33,351,5,562,10,2,0.482912003994
1270,8,20,8,85,4,2,0.00104799994733
1271,5,137,13,53,4,2,0.00269800005481
1272,8,20,137,13,4,2,0.00528200017288
1273,219,219,562,219,6,2,40.1103401184
1274,5,53,1441,20,2,1,0.058113001287
1275,85,20,351,1441,4,2,2.39477705956
1276,219,562,13,8,2,2,0.0707369968295
1277,20,53,219,3,2,2,0.00865499954671
1278,33,562,8,5,6,2,0.0492540001869
1279,85,20,1441,900,4,2,6.24495983124
1280,85,13,53,562,2,1,0.103772997856
1281,13,53,33,85,10,1,0.0873010009527
1282,137,33,13,3,4,2,0.00953899975866
1283,137,53,562,33,2,1,0.892883002758
1284,13,351,8,85,6,1,0.103523999453
1285,53,3,85,3,2,2,0.000538000022061
1286,562,3,137,5,2,2,0.00624200003222
1287,137,20,900,3,8,2,1.1247600317
1288,137,53,3,85,2,2,0.00789699982852
1289,8,5,8,85,2,1,0.000353999988874
1290,85,13,20,8,8,2,0.00839199963957
1291,562,53,53,33,4,2,0.358489006758
1292,351,8,1441,20,4,1,2.61817598343
1293,137,219,351,5,10,1,36.6857147217
1294,20,33,900,33,8,2,0.424032986164
1295,8,85,8,5,4,2,0.000989999971353
1296,562,562,137,13,8,1,116.50188446
1297,351,85,5,137,10,2,0.434278994799
1298,562,351,20,8,10,2,3.67936706543
1299,13,5,85,85,2,1,0.002431999892
1300,5,562,20,562,2,1,0.118405997753
1301,8,20,85,53,2,2,0.00180600001477
1302,85,33,1441,351,10,2,20.3898181915
1303,562,85,1441,137,4,1,129.841888428
1304,8,85,33,900,4,1,0.218343004584
1305,351,13,8,8,2,1,0.00657900003716
1306,219,562,53,351,10,2,39.721660614
1307,85,20,219,85,4,2,0.138721004128
1308,53,351,33,85,8,2,0.783681988716
1309,219,85,351,900,6,2,33.1990280151
1310,351,219,351,20,4,2,4.93516206741
1311,137,8,137,900,6,2,0.765680015087
1312,53,20,85,1441,10,1,5.12608718872
1313,85,351,137,20,8,2,2.78065800667
1314,351,85,1441,8,2,2,1.64154994488
1315,351,85,5,8,8,2,0.090921998024
1316,351,137,137,8,4,1,4.01662397385
1317,137,3,219,351,2,2,0.027541000396
1318,13,13,3,20,2,1,0.000289999996312
1319,33,33,33,137,6,2,0.0532590001822
1320,20,53,219,8,2,1,0.0351140014827
1321,33,219,20,1441,6,2,1.1776239872
1322,351,351,53,85,10,1,54.7991523743
1323,85,33,219,5,2,1,0.0932419970632
1324,53,562,3,20,6,2,0.0407930016518
1325,85,53,5,900,4,2,0.106261998415
1326,33,219,1441,13,4,2,1.74412703514
1327,85,13,5,1441,2,2,0.0199929997325
1328,33,20,33,562,4,1,0.147470995784
1329,351,137,20,562,6,2,3.42902898788
1330,33,20,53,219,10,1,0.354194998741
1331,5,219,33,85,2,2,0.00367300002836
1332,351,562,3,53,6,1,1.80195999146
1333,20,351,13,900,6,1,1.81723594666
1334,562,219,20,900,8,2,23.3410129547
1335,137,219,219,562,4,2,10.1484041214
1336,85,351,85,20,2,2,0.123598001897
1337,219,8,85,219,4,2,0.117650002241
1338,562,562,20,13,10,2,6.65070104599
1339,219,85,3,1441,10,1,5.55972909927
1340,351,351,33,13,8,2,2.72617506981
1341,20,20,5,562,6,1,0.0298880003393
1342,20,219,20,33,8,1,0.233272999525
1343,85,3,3,13,2,2,0.000138999996125
1344,33,20,137,13,8,2,0.0468319989741
1345,562,137,3,33,2,1,0.151300996542
1346,85,8,900,900,4,2,1.76074504852
1347,137,351,85,562,10,1,146.624679565
1348,53,137,137,5,10,1,3.12486290932
1349,53,562,33,219,8,1,9.80062007904
1350,137,33,900,33,8,1,11.751950264
1351,137,53,562,562,8,2,22.1060161591
1352,85,53,8,137,8,1,0.254444986582
1353,13,137,137,33,4,1,0.205913007259
1354,137,53,351,33,2,2,0.143903002143
1355,53,562,219,1441,2,2,6.3274641037
1356,351,53,5,5,6,2,0.0325360000134
1357,20,351,1441,3,8,2,4.67866420746
1358,562,137,33,5,6,2,0.852182984352
1359,351,85,5,85,10,2,0.317146003246
1360,351,219,351,20,8,1,75.9612197876
1361,13,53,20,562,8,1,0.230547994375
1362,219,562,351,351,8,2,168.789459229
1363,33,53,1441,562,6,1,30.3268985748
1364,20,13,351,20,4,1,0.0597990006208
1365,219,85,8,1441,4,2,0.769465982914
1366,562,562,3,137,8,1,8.51774311066
1367,20,351,8,351,6,1,0.521808028221
1368,8,137,53,8,6,1,0.0517480000854
1369,20,53,351,562,8,1,6.46893596649
1370,53,33,1441,219,10,2,8.45826339722
1371,351,219,33,20,2,2,0.133254006505
1372,13,20,8,900,4,1,0.0276909992099
1373,53,13,900,33,6,2,0.258617997169
1374,137,137,13,85,6,2,0.201545000076
1375,13,53,20,5,6,1,0.014245999977
1376,351,562,5,1441,2,1,
1377,20,8,8,5,2,1,0.000291000003926
1378,562,351,85,5,2,1,2.57348203659
1379,20,53,20,351,6,2,0.0525689981878
1380,13,53,20,1441,4,1,0.231757998466
1381,13,13,1441,8,6,2,0.0776090025902
1382,53,351,562,219,2,2,1.80638098717
1383,351,20,33,53,6,2,0.13266800344
1384,351,562,85,33,6,1,32.947769165
1385,562,351,562,5,6,1,149.710769653
1386,8,85,20,8,4,2,0.00231799995527
1387,20,20,219,137,4,2,0.0591630004346
1388,33,20,562,137,8,2,0.645492017269
1389,8,13,1441,33,4,1,0.124466001987
1390,219,33,20,3,4,1,0.0846280008554
1391,351,13,20,85,6,2,0.0603500008583
1392,13,351,1441,219,4,2,4.31831693649
1393,351,33,219,5,8,1,5.15765380859
1394,53,137,351,13,6,1,3.67528295517
1395,13,13,900,53,6,2,0.124684996903
1396,33,351,3,351,4,2,0.0728370025754
1397,20,85,8,137,4,2,0.00917300023139
1398,3,13,85,8,2,2,0.000322000007145
1399,53,8,20,85,4,1,0.0126809999347
1400,13,33,20,137,8,1,0.0413950011134
1401,8,219,5,33,4,2,0.00267400010489
1402,137,351,900,351,8,1,661.156616211
1403,85,351,219,3,8,1,14.160358429
1404,219,33,562,3,8,2,1.97762596607
1405,137,137,900,562,2,2,6.54811096191
1406,20,562,20,8,10,2,0.153040006757
1407,351,13,8,351,10,1,0.456032007933
1408,13,137,5,85,6,1,0.0268150009215
1409,85,351,53,33,6,2,0.773690998554
1410,85,13,562,20,4,2,0.105191998184
1411,13,351,562,8,2,2,0.0937540009618
1412,5,219,20,1441,2,2,0.0322239995003
1413,85,137,562,3,4,2,0.950089991093
1414,33,33,5,33,10,1,0.0209880005568
1415,3,53,33,8,2,1,0.00070199999027
1416,562,33,20,13,4,2,0.0669590011239
1417,5,20,1441,351,2,1,0.192729994655
1418,85,33,137,8,10,2,0.287793010473
1419,85,351,13,5,8,2,0.222294002771
1420,85,20,20,351,6,1,0.278784006834
1421,8,8,351,33,4,2,0.012864000164
1422,3,3,53,53,2,1,0.000563999987207
1423,351,562,53,85,4,1,15.149102211
1424,8,20,8,85,2,2,0.000437999988208
1425,219,13,5,219,2,2,0.00798199977726
1426,8,20,900,351,2,2,0.0849530026317
1427,562,137,8,8,2,1,0.126307994127
1428,351,351,5,85,2,2,0.156584993005
1429,20,13,33,20,2,1,0.0017119999975
1430,85,219,8,13,4,2,0.0290590003133
1431,85,562,85,351,10,2,23.6165904999
1432,53,351,13,562,10,2,2.12349891663
1433,20,137,219,3,6,1,0.661792993546
1434,85,33,137,5,8,1,0.767139971256
1435,20,351,351,5,8,2,1.19443595409
1436,562,562,3,219,6,1,8.19868755341
1437,562,351,5,137,8,2,2.1102669239
1438,562,13,900,1441,8,2,61.0443763733
1439,20,13,1441,5,10,2,0.189649999142
1440,53,53,219,85,2,1,0.221992999315
1441,562,5,20,85,4,1,0.0731569975615
1442,351,219,53,351,8,2,16.2465419769
1443,219,219,5,33,10,2,0.327324002981
1444,562,219,900,20,4,2,20.2399311066
1445,33,137,85,5,10,1,1.10371601582
1446,53,351,219,13,10,2,3.72759389877
1447,13,13,1441,219,6,1,1.31214296818
1448,85,33,137,13,4,1,0.258924007416
1449,33,33,562,900,4,1,5.9134478569
1450,53,8,20,1441,6,2,0.0942699983716
1451,53,8,53,85,6,1,0.0484209991992
1452,137,53,137,219,6,1,5.68998479843
1453,13,85,1441,351,4,2,1.6791690588
1454,20,20,85,5,10,1,0.0562620013952
1455,53,13,562,219,6,2,0.602219998837
1456,85,137,351,900,6,2,21.0684738159
1457,3,85,53,8,2,1,0.00161100004334
1458,562,219,8,351,8,1,16.5359268188
1459,33,562,5,351,10,2,0.499774992466
1460,137,219,20,137,8,2,1.11574602127
1461,33,13,33,562,10,1,0.253663003445
1462,85,562,562,219,6,2,39.719039917
1463,137,219,5,900,4,1,2.39569711685
1464,351,351,3,85,4,1,0.91856700182
1465,33,85,8,53,8,2,0.0218419991434
1466,562,33,219,20,6,1,6.07743883133
1467,5,33,20,53,4,1,0.00383200007491
1468,20,13,33,137,4,2,0.00608500000089
1469,53,219,85,85,10,1,7.29516220093
1470,351,85,20,219,4,2,0.466080993414
1471,219,562,33,562,10,1,150.250869751
1472,13,13,8,3,4,1,0.000829000025988
1473,351,562,20,900,6,1,
1474,20,33,562,33,2,2,0.022683000192
1475,33,20,33,33,4,1,0.0201529990882
1476,20,85,1441,53,10,1,10.2145204544
1477,33,562,562,1441,6,1,315.243286133
1478,5,20,8,219,4,1,0.00334400008433
1479,219,5,5,137,4,2,0.00360399996862
1480,53,8,13,900,2,1,0.0255750007927
1481,5,53,219,900,2,1,0.162628993392
1482,53,33,5,562,10,1,0.263323009014
1483,562,13,219,900,2,1,3.74018788338
1484,5,8,562,3,2,1,0.00303000002168
1485,137,53,8,20,8,2,0.0408690012991
1486,219,13,3,20,4,2,0.00415399996564
1487,53,85,20,562,6,1,1.22096800804
1488,351,219,13,1441,6,2,9.00574970245
1489,351,33,5,20,4,2,0.0133220003918
1490,219,85,219,562,2,2,1.65737998486
1491,5,219,3,33,2,2,0.000525999988895
1492,219,219,85,1441,10,2,89.1938705444
1493,562,562,562,900,6,2,
1494,85,219,3,13,10,1,0.223853006959
1495,13,13,5,20,4,2,0.000293999997666
1496,219,562,20,219,8,2,6.75327682495
1497,351,562,1441,351,8,2,
1498,33,13,85,900,6,2,0.248469993472
1499,33,20,562,562,6,1,4.37118005753
